modified	bytes	ext	relative_path (under source_documents/Building I)
2024-04-24 14:19	99488	pdf	0 N. Rea Park Lane, LLC-Incoming Wire Instructions.pdf
2024-04-24 14:19	68098	pdf	20230614122052.pdf
2024-04-24 14:19	19286	pdf	20230907154113.pdf
2025-03-25 18:20	4948576	pdf	2025.03.25_Carolina Sports MOB_Concept Design_sc4-Alternatives-Revised (002).pdf
2024-09-05 12:54	4934080	pdf	230958 RFSMC Subdivision Plat Proposal_signed.pdf
2025-01-09 12:11	144637095	pdf	241115_RFSMC_Combined approved permit set_rev6.pdf
2025-08-26 12:41	87254	pdf	AT&T/Multiservice contract bundle_CONTRACT_ID_5238955 (002).pdf
2025-08-26 12:43	87752	pdf	AT&T/Multiservice contract bundle_CONTRACT_ID_5238955_Signed_.pdf
2025-01-03 14:40	10730007	pdf	Backflow/Blackflow Prevention Requirements for 11415 Golf Links Dr_12-9-24.pdf
2025-01-03 14:41	11050823	pdf	Backflow/Blackflow Prevention Requirements for 11415 Golf Links Dr_12-9-242.pdf
2025-01-03 14:42	10873976	pdf	Backflow/Blackflow Prevention Requirements for 11415 Golf Links Dr_12-9-243.pdf
2026-03-28 13:04	178502	xlsx	CAM/2026 Rea Farms CAM 3.23.26.xlsx
2026-08-31 15:46	205418	xlsx	CAM/2026 Rea Farms CAM 3.27.26.xlsx
2026-03-02 10:22	172807	xlsx	CAM/2026 Rea Farms CAM.xlsx
2026-08-07 14:58	253799	jpg	CBJ Heavy Hitters/.jpg/Architech Sports With table.jpg
2026-08-07 14:55	1404242	jpg	CBJ Heavy Hitters/.jpg/CMSC_Exterior_Drone_Image_Final.jpg
2026-08-07 14:59	289546	jpg	CBJ Heavy Hitters/.jpg/CSMC_Arch Sports Clinic_Final.jpg
2026-08-07 14:53	1227562	jpg	CBJ Heavy Hitters/.jpg/CSMC_Courts and SS Lab_Final.jpg
2026-09-15 10:14	1554174	png	CBJ Heavy Hitters/9.15.26 Materials/April_2025_Project_Photo1.png
2026-09-15 10:14	1921430	png	CBJ Heavy Hitters/9.15.26 Materials/April_2025_Project_Photo2.png
2026-09-15 10:14	1568262	png	CBJ Heavy Hitters/9.15.26 Materials/April_2025_Project_Photo3.png
2026-08-07 14:59	289546	jpg	CBJ Heavy Hitters/9.15.26 Materials/Architech Sports without table.jpg
2026-08-10 16:58	529431719	mp4	CBJ Heavy Hitters/9.15.26 Materials/Carolina Sports Medicine Center Zoom Out.MP4
2026-08-07 13:32	2833211	jpeg	CBJ Heavy Hitters/9.15.26 Materials/CMSC_Exterior_Drone_Image_Final.JPEG
2026-08-07 11:34	2419873	jpg	CBJ Heavy Hitters/9.15.26 Materials/CSMC_Courts and SS Lab_Final.JPG
2025-02-07 16:11	9373599	jpg	CBJ Heavy Hitters/9.15.26 Materials/DJI_0122.JPG
2026-07-28 08:58	7649675	jpg	CBJ Heavy Hitters/9.15.26 Materials/DSC04276.jpg
2026-07-28 08:58	8232382	jpg	CBJ Heavy Hitters/9.15.26 Materials/DSC04277.jpg
2026-07-28 08:58	9639507	jpg	CBJ Heavy Hitters/9.15.26 Materials/DSC04290.jpg
2026-09-15 10:12	1693801	png	CBJ Heavy Hitters/9.15.26 Materials/Feb_2025_Project_Photo.png
2025-04-21 15:35	1776897	heic	CBJ Heavy Hitters/9.15.26 Materials/IMG_20250421_153317 (1).heic
2025-04-21 15:35	2190843	heic	CBJ Heavy Hitters/9.15.26 Materials/IMG_20250421_153317 (3).heic
2026-09-15 10:11	1701902	png	CBJ Heavy Hitters/9.15.26 Materials/Jan_2025_Project_Photo.png
2026-09-15 10:22	1000679	png	CBJ Heavy Hitters/9.15.26 Materials/Jan_2026_Project_Photo.png
2026-09-15 10:22	1366519	png	CBJ Heavy Hitters/9.15.26 Materials/Jan_2026_Project_Photo2.png
2026-09-15 10:22	1303902	png	CBJ Heavy Hitters/9.15.26 Materials/Jan_2026_Project_Photo3.png
2026-09-15 10:22	1356187	png	CBJ Heavy Hitters/9.15.26 Materials/Jan_2026_Project_Photo4.png
2026-09-15 10:22	1293078	png	CBJ Heavy Hitters/9.15.26 Materials/Jan_2026_Project_Photo5.png
2026-09-15 10:17	1787069	png	CBJ Heavy Hitters/9.15.26 Materials/July_2025_Project_Photo.png
2026-09-15 10:17	1464878	png	CBJ Heavy Hitters/9.15.26 Materials/July_2025_Project_Photo2.png
2026-09-15 10:16	1529570	png	CBJ Heavy Hitters/9.15.26 Materials/June_2025_Project_Photo.png
2026-09-15 10:16	1589616	png	CBJ Heavy Hitters/9.15.26 Materials/June_2025_Project_Photo2.png
2026-09-15 10:13	1741906	png	CBJ Heavy Hitters/9.15.26 Materials/Mar_2025_Project_Photo.png
2026-09-15 10:13	1604958	png	CBJ Heavy Hitters/9.15.26 Materials/Mar_2025_Project_Photo2.png
2026-09-15 10:23	1418380	png	CBJ Heavy Hitters/9.15.26 Materials/March_2026_Project_Photo.png
2026-09-15 10:24	1300380	png	CBJ Heavy Hitters/9.15.26 Materials/March_2026_Project_Photo2.png
2026-09-15 10:24	663462	png	CBJ Heavy Hitters/9.15.26 Materials/March_2026_Project_Photo3.png
2026-09-15 10:24	1281142	png	CBJ Heavy Hitters/9.15.26 Materials/March_2026_Project_Photo4.png
2026-09-15 10:15	1671579	png	CBJ Heavy Hitters/9.15.26 Materials/May_2025_Project_Photo.png
2026-09-15 10:15	1615713	png	CBJ Heavy Hitters/9.15.26 Materials/May_2025_Project_Photo2.png
2026-09-15 10:15	1651968	png	CBJ Heavy Hitters/9.15.26 Materials/May_2025_Project_Photo3.png
2026-09-15 10:20	1387198	png	CBJ Heavy Hitters/9.15.26 Materials/Nov_2025_Project_Photo.png
2026-09-15 10:20	1421579	png	CBJ Heavy Hitters/9.15.26 Materials/Nov_2025_Project_Photo2.png
2026-09-15 10:19	1573913	png	CBJ Heavy Hitters/9.15.26 Materials/Oct_2025_Project_Photo.png
2026-09-15 10:19	1613619	png	CBJ Heavy Hitters/9.15.26 Materials/Oct_2025_Project_Photo2.png
2026-09-15 10:18	1359373	png	CBJ Heavy Hitters/9.15.26 Materials/Sep_2025_Project_Photo.png
2025-01-08 20:53	5683142	jpg	CBJ Heavy Hitters/9.15.26 Materials/Sports Medicine Groundbreaking -107.jpg
2025-01-08 20:54	7247862	jpg	CBJ Heavy Hitters/9.15.26 Materials/Sports Medicine Groundbreaking -157.jpg
2025-01-08 20:52	4414506	jpg	CBJ Heavy Hitters/9.15.26 Materials/Sports Medicine Groundbreaking -63.jpg
2024-11-08 17:05	3787502	heic	CBJ Heavy Hitters/9.15.26 Materials/Update Picture 11-8-24.heic
2026-07-28 08:58	8778762	jpg	CBJ Heavy Hitters/Architech_Sports_Photo.jpg
2026-07-27 16:54	28048	docx	CBJ Heavy Hitters/CBJ Heavy Hitters 2026 Application_r1.docx
2026-07-28 09:55	37800	docx	CBJ Heavy Hitters/CBJ Heavy Hitters 2026 Application_r2.docx
2026-07-28 13:55	34458	docx	CBJ Heavy Hitters/CBJ_Heavy_Hitters_2026_Revised_Sections_v10.docx
2026-07-28 12:33	4309550	jpeg	CBJ Heavy Hitters/CMSC_Exterior_Drone_Image.JPEG
2026-08-03 16:43	33499	docx	CBJ Heavy Hitters/CSMC_Heavy_Hitters_2026_Submission BT_Edits_to_RT_Edits.docx
2026-08-05 09:43	2626653	png	CBJ Heavy Hitters/CSMC_Interior_Court_Image.png
2026-08-07 11:33	2419873	jpg	CBJ Heavy Hitters/dji_fly_20260728_124212_0073_1785255954504_photo (003).JPG
2026-08-07 13:34	2723939	png	CBJ Heavy Hitters/Pictures/Architech Sports With table.png
2026-08-07 14:59	289546	jpg	CBJ Heavy Hitters/Pictures/Architech Sports without table.jpg
2026-08-07 13:34	2818047	png	CBJ Heavy Hitters/Pictures/Architech Sports without table.png
2026-08-07 13:32	2833211	jpeg	CBJ Heavy Hitters/Pictures/CMSC_Exterior_Drone_Image_Final.JPEG
2026-08-07 11:34	2419873	jpg	CBJ Heavy Hitters/Pictures/CSMC_Courts and SS Lab_Final.JPG
2026-08-07 11:30	2352724	jpg	CBJ Heavy Hitters/Pictures/dji_fly_20260728_124232_0075_1785255955089_photo.JPG
2025-09-24 15:00	3301917	pdf	Charlotte Water/(Quote) Rea Farms Sports Medicine- 7598 South Rea Park Lane 20243789_DRAFT.pdf
2026-03-13 15:37	19961	pdf	Charlotte Water/11415 Golf Links Drive - Temp Shutoff Water Service Authroization.pdf
2026-04-27 12:07	228791	pdf	Charlotte Water/Payment Confirmation_4-27-26.pdf
2026-01-22 22:58	42287	pdf	Chem-Bac Laboratories, Inc/WO1089-26 Boda Plumbing.pdf
2024-04-24 14:19	2836091	pdf	Closing Docs/2024-03-18 1031 Package.pdf
2024-04-24 14:19	126889	pdf	Closing Docs/24-02995NAE - CTIC WIRE INSTRUCTIONS.pdf
2024-10-16 14:29	670368	pdf	Closing Docs/Closing Documents from Lawyers Office/Owners Title Policy - 23-1142 OP (00390465xC3C98).pdf
2024-04-24 14:20	184454	pdf	Closing Docs/Closing Documents from Lawyers Office/Rea Farms Development - 1031 Notice of Assignment (Executed by Seller) (00384733-2xC3C98).pdf
2024-04-24 14:20	2350404	pdf	Closing Docs/Closing Documents from Lawyers Office/Rea Farms Development - ALTA Survey (00326167-4xC3C98).pdf
2024-04-24 14:20	294485	pdf	Closing Docs/Closing Documents from Lawyers Office/Rea Farms Development - AOC Indemnity (Fully Executed) (00384767-2xC3C98).pdf
2024-04-24 14:20	423164	pdf	Closing Docs/Closing Documents from Lawyers Office/Rea Farms Development - Bill of Sale (Executed) (00384771xC3C98).pdf
2024-04-24 14:20	163524	pdf	Closing Docs/Closing Documents from Lawyers Office/Rea Farms Development - Closing Statement (Fully Executed) (00385245-2xC3C98).pdf
2024-04-24 14:20	287306	pdf	Closing Docs/Closing Documents from Lawyers Office/Rea Farms Development - Contract Assignment (Executed) (00385165xC3C98).pdf
2024-04-24 14:20	100150	pdf	Closing Docs/Closing Documents from Lawyers Office/Rea Farms Development - FIRPTA (Executed) (00384748xC3C98).pdf
2024-04-24 14:20	215897	pdf	Closing Docs/Closing Documents from Lawyers Office/Rea Farms Development - NCLTA Form 1 (with GAP and tenant language) (Executed) (00384749xC3C98).pdf
2024-04-24 14:20	2836091	pdf	Closing Docs/Closing Documents from Lawyers Office/Rea Farms Development - Reverse 1031 Package (Executed) (00385097xC3C98).pdf
2024-04-24 14:20	170521	pdf	Closing Docs/Closing Documents from Lawyers Office/Rea Farms Development - Side Letter (Fully Executed) (00384764-2xC3C98).pdf
2024-04-24 14:20	282491	pdf	Closing Docs/Closing Documents from Lawyers Office/Rea Farms Development - Special Warranty Deed (RECORDED) (00385351xC3C98).pdf
2024-04-24 14:20	76315	pdf	Closing Docs/Closing Documents from Lawyers Office/Rea Farms Development - Termination of Assignment (RECORDED) (00385350xC3C98).pdf
2024-04-24 14:20	614993	pdf	Closing Docs/Closing Documents from Lawyers Office/Rea Farms Development - Written Consent of Rea Farms Construction, LLC (Executed) (00384766xC3C98).pdf
2024-04-24 14:19	437212	pdf	Closing Docs/Deed (1).pdf
2024-04-24 14:19	294485	pdf	Closing Docs/Rea Farms Development - AOC Indemnity (Fully Executed) (00384767-2xC3C98).pdf
2024-04-24 14:19	71680	xls	Closing Docs/Rea Farms Development - Closing Statement (00384692xC3C98).xls
2024-04-24 14:19	144006	pdf	Closing Docs/Rea Farms Development - Closing Statement (Fully Executed) (00385245xC3C98) (1).pdf
2024-04-24 14:19	144006	pdf	Closing Docs/Rea Farms Development - Closing Statement (Fully Executed) (00385245xC3C98).pdf
2024-04-24 14:19	215897	pdf	Closing Docs/Rea Farms Development - NCLTA Form 1 (with GAP and tenant language) (Executed) (00384749xC3C98).pdf
2024-04-24 14:20	170521	pdf	Closing Docs/Rea Farms Development - Side Letter (Fully Executed) (00384764-2xC3C98).pdf
2024-04-24 14:20	165043	pdf	Closing Docs/Summary.pdf
2024-04-24 14:20	160577	pdf	Closing Docs/Termination  of Assignment.pdf
2024-04-24 14:20	72374	pdf	Closing Docs/Termination of Assignment.pdf
2025-10-15 12:13	3199314	pdf	Condo Assocation/2-25-25/2015 - 11.04 Master Declaration (RFPOA).pdf
2025-10-15 12:13	662336	pdf	Condo Assocation/2-25-25/2015 - 12.08 Map.pdf
2025-10-15 12:13	286278	pdf	Condo Assocation/2-25-25/2016 - 03.14 Assignment of Master Declaration to RFC - Book 30659 page 110.pdf
2025-10-15 12:13	364220	pdf	Condo Assocation/2-25-25/2016 - 04.18 Master Declaration 1st Amendment (RFPOA).pdf
2025-10-15 12:13	478661	pdf	Condo Assocation/2-25-25/2016 - 05.06 Amendment CalAtlantic (RFPOA).pdf
2025-10-15 12:13	535528	pdf	Condo Assocation/2-25-25/2016 - 08.03 Master Declaration 1st Amendment  Amended & Restated (RFPOA).pdf
2025-10-15 12:13	1121025	pdf	Condo Assocation/2-25-25/2016 - 11.14 Map.pdf
2025-10-15 12:13	482964	pdf	Condo Assocation/2-25-25/2016 - 11.23 Agreement Regarding Master Declaration for Woodfield.PDF
2025-10-15 12:13	111578	pdf	Condo Assocation/2-25-25/2016 - 11.23 Master Declaration Supplemental (RFPOA).pdf
2025-10-15 12:13	601637	pdf	Condo Assocation/2-25-25/2016 - 12.19 Master Declaration 3rd Amendment (RFPOA).pdf
2025-10-15 12:13	925074	pdf	Condo Assocation/2-25-25/2017 - 01.19 Declaration of Covenants.pdf
2025-10-15 12:13	166008	pdf	Condo Assocation/2-25-25/2017 - 06.22 Master Declaration Supplemental (RFPOA).pdf
2025-10-15 12:13	1224940	pdf	Condo Assocation/2-25-25/2017 - 08.11 Map.pdf
2025-10-15 12:13	214194	pdf	Condo Assocation/2-25-25/2017 -12.15 Map.pdf
2025-10-15 12:13	1267406	pdf	Condo Assocation/2-25-25/2018 - 01.19 Map.pdf
2025-10-15 12:13	255361	pdf	Condo Assocation/2-25-25/2018 -01.19 Master Declaration Supplemental (RFPOA).pdf
2025-10-15 12:13	905588	pdf	Condo Assocation/2-25-25/2019 - 05.03 Master Declaration 4th Amendment (RFPOA).pdf
2025-10-15 12:13	466435	pdf	Condo Assocation/2-25-25/Bylaws of Rea Farms Master Property Owner's Association - Executed.pdf
2025-10-15 12:13	595823	pdf	Condo Assocation/2-25-25/Exhibit B to Master Declaration Amendment.pdf
2025-10-15 12:13	47845	pdf	Condo Assocation/2-25-25/Exhibit C-1 to Master Declaration Amendment.pdf
2025-10-15 12:13	49860	pdf	Condo Assocation/2-25-25/Exhibit C-2 to Master Declaration Amendment.pdf
2025-02-21 12:49	250315	pdf	Condo Assocation/Medical Office 03.2025.pdf
2025-02-21 12:56	249122	pdf	Condo Assocation/Rea Farms 1031 LLC - Jan & Feb 2025.pdf
2025-07-29 15:08	55145	pdf	Condo Assocation/Rea Farms 1031 LLC_ 5-27-25.pdf
2025-07-29 15:07	55397	pdf	Condo Assocation/Rea Farms 1031 LLC_ 6-26-25.pdf
2025-07-29 15:07	55397	pdf	Condo Assocation/Rea Farms 1031 LLC_ 7-28-25.pdf
2025-03-10 09:09	1458555	pdf	Condo Assocation/Rea Farms Lighting Plan Coordination.pdf
2025-02-21 12:56	827039	pdf	Condo Assocation/W9-Rea Farms Master Property Owners Association, Inc. 01.07.2025.pdf
2025-01-28 10:27	55548	pdf	Construction Loan/11738-928 - Memorandum of Action.pdf
2025-01-28 10:27	321516	pdf	Construction Loan/17601-630 - Judgment.pdf
2025-01-28 10:27	790653	pdf	Construction Loan/25-0190 Commitment v1.pdf
2025-01-28 10:27	3176623	pdf	Construction Loan/30396-757 - Master Declaration.pdf
2025-01-28 10:27	314861	pdf	Construction Loan/30480-630 - Deed.pdf
2025-01-28 10:27	473578	pdf	Construction Loan/30480-638 Agreement.pdf
2025-01-28 10:27	284771	pdf	Construction Loan/30659-110 - Assignment.pdf
2025-01-28 10:27	68884	pdf	Construction Loan/30767-781- Right of Way.pdf
2025-01-28 10:27	475409	pdf	Construction Loan/30801-473- Amendment.pdf
2025-01-28 10:27	530425	pdf	Construction Loan/31048-312- A&R Amendment.pdf
2025-01-28 10:27	110902	pdf	Construction Loan/31369-467 - Amendment.pdf
2025-01-28 10:27	597000	pdf	Construction Loan/31433-845 - Amendment.pdf
2025-01-28 10:27	917438	pdf	Construction Loan/31510-846 - CCR's.pdf
2025-01-28 10:27	122558	pdf	Construction Loan/31812-184 - Easement.pdf
2025-01-28 10:27	164496	pdf	Construction Loan/31903-336 - Supplement.pdf
2025-01-28 10:27	183485	pdf	Construction Loan/32100-215 - Easement.pdf
2025-01-28 10:27	422214	pdf	Construction Loan/32154-308 - Easement.pdf
2025-01-28 10:27	254268	pdf	Construction Loan/32411-753 - Supplement.pdf
2025-01-28 10:27	321202	pdf	Construction Loan/32419-878 - Supplement.pdf
2025-01-28 10:27	98576	pdf	Construction Loan/32971-286 - Acknowledgment of CCR's.pdf
2025-01-28 10:27	887706	pdf	Construction Loan/33479-411 - Amendment.pdf
2025-01-28 10:27	148660	pdf	Construction Loan/37083-416 - Supplement.pdf
2025-01-28 10:27	326786	pdf	Construction Loan/38192-492 - Easement.pdf
2025-01-28 10:27	151975	pdf	Construction Loan/38704-781 - Vesting Deed.pdf
2025-01-28 10:27	541921	pdf	Construction Loan/58-310 - Plat.pdf
2025-01-28 10:27	662455	pdf	Construction Loan/58-680 - Plat.pdf
2025-01-28 10:27	1119922	pdf	Construction Loan/60-189-193 - Plat.pdf
2025-01-28 10:27	1107639	pdf	Construction Loan/60-325-329 - Plat.pdf
2025-01-28 10:27	214313	pdf	Construction Loan/62-280 - Plat.pdf
2025-01-28 10:27	233800	pdf	Construction Loan/70-254 - Plat.pdf
2025-01-28 10:27	257256	pdf	Construction Loan/73-477 - Plat.pdf
2025-01-28 10:27	384682	pdf	Construction Loan/74-695 - Plat.pdf
2025-02-13 09:51	50688	doc	Construction Loan/Dormie - Rea Farms 2025 Refi - NCLTA Form 7 (Blythe) (00435077xC3C98).doc
2025-02-13 09:51	50688	doc	Construction Loan/Dormie - Rea Farms 2025 Refi - NCLTA Form 7 (Boda) (00435076xC3C98).doc
2025-02-13 09:51	50688	doc	Construction Loan/Dormie - Rea Farms 2025 Refi - NCLTA Form 7 (Combs) (00435071xC3C98).doc
2025-02-13 09:51	50176	doc	Construction Loan/Dormie - Rea Farms 2025 Refi - NCLTA Form 7 (Edifice) (00435070xC3C98).doc
2025-02-13 09:51	50688	doc	Construction Loan/Dormie - Rea Farms 2025 Refi - NCLTA Form 7 (EFCO) (00435072xC3C98).doc
2025-02-13 09:51	50688	doc	Construction Loan/Dormie - Rea Farms 2025 Refi - NCLTA Form 7 (Ferguson Fire) (00435075xC3C98).doc
2025-02-13 09:51	50688	doc	Construction Loan/Dormie - Rea Farms 2025 Refi - NCLTA Form 7 (Ferguson) (00435074xC3C98).doc
2025-02-13 09:51	50688	doc	Construction Loan/Dormie - Rea Farms 2025 Refi - NCLTA Form 7 (FMK) (00435078xC3C98).doc
2025-02-13 09:51	50688	doc	Construction Loan/Dormie - Rea Farms 2025 Refi - NCLTA Form 7 (New Millennium) (00435080xC3C98).doc
2025-02-13 09:51	50688	doc	Construction Loan/Dormie - Rea Farms 2025 Refi - NCLTA Form 7 (SteelFab) (00435079xC3C98).doc
2025-02-13 09:51	50688	doc	Construction Loan/Dormie - Rea Farms 2025 Refi - NCLTA Form 7 (Thomas Concrete) (00435073xC3C98).doc
2025-02-27 14:32	68055	pdf	Construction Loan/NCLTA Form 7 (Blythe) - Executed.pdf
2025-02-27 14:32	129150	pdf	Construction Loan/NCLTA Form 7 (Combs) - Executed.pdf
2025-02-27 14:32	77428	pdf	Construction Loan/NCLTA Form 7 (Edifice) - Executed.pdf
2025-02-27 14:32	1443094	pdf	Construction Loan/NCLTA Form 7 (Ferguson Fire) - Executed.pdf
2025-02-27 14:32	143270	pdf	Construction Loan/NCLTA Form 7 (Ferguson) - Executed.pdf
2025-02-27 14:32	84723	pdf	Construction Loan/NCLTA Form 7 (FMK) - Executed.pdf
2025-02-27 14:32	418087	pdf	Construction Loan/NCLTA Form 7 (New Millenium) - Executed.pdf
2025-02-27 14:32	662621	pdf	Construction Loan/NCLTA Form 7 (SteelFab) - Executed.pdf
2025-02-27 14:32	590244	pdf	Construction Loan/NCLTA Form 7 (Thomas Concrete) - Executed.pdf
2025-01-28 10:27	135417	pdf	Construction Loan/Tax Bill.pdf
2025-01-28 10:27	129617	pdf	Construction Loan/Tax Statement.pdf
2025-03-12 12:53	2497604	pdf	Contractors/Anixter Inc/Anixter Inc- Contstruction Lien Notice_3-12-25.pdf
2025-11-21 17:14	68355	pdf	Contractors/Artisan Metal Art/INV239.pdf
2025-11-26 09:31	2209865	jpg	Contractors/Artisan Metal Art/W-9.jpg
2025-12-29 16:53	195260	pdf	Contractors/ASI Signage (for SLAY)/MOB Distraction Vinyl_12.23.25_KW.pdf
2025-12-29 16:53	885879	pdf	Contractors/ASI Signage (for SLAY)/Quote (RALE 36596-00)_signed.pdf
2026-05-28 09:02	17631	csv	Contractors/Brivo/Slay Members/Slay Members 5-28-26.csv
2026-01-22 13:43	1817438	pdf	Contractors/Cintas/myCintas Marketing Emails.pdf
2026-01-22 13:43	670441	pdf	Contractors/Cintas/Sig Series Dispensers.pdf
2026-01-22 13:43	146566	xlsx	Contractors/Cintas/SLAY BASKETBALL.xlsx
2026-01-22 13:43	874025	pdf	Contractors/Cintas/Vizient Cintas Enterprise.pdf
2026-07-24 18:49	734255	pdf	Contractors/Clear Choice Glass/2026 Signed W-9 Form.pdf
2026-07-27 09:38	115849	pdf	Contractors/Clear Choice Glass/Taylor Capital, LLC.pdf
2026-01-09 12:06	21065	xlsx	Contractors/CSMC Maintenance Vendor List.xlsx
2026-03-02 09:51	149149	pdf	Contractors/DCal Lockers/ACH 2026.pdf
2026-02-25 12:05	1425767	pdf	Contractors/DCal Lockers/Carolina Sports Med Locker Design Document.pdf
2026-03-05 13:31	4426761	pdf	Contractors/DCal Lockers/CSMC New Lockers Electrical Modifications.pdf
2026-03-02 09:51	1232156	pdf	Contractors/DCal Lockers/DCAL W9 2026.pdf
2026-02-25 10:55	71495	pdf	Contractors/DCal Lockers/Estimate_CSMLBB_from_Dains_Custom_Athletic_Lockers.pdf
2026-03-02 09:51	48115	pdf	Contractors/DCal Lockers/Invoice CSMLBBDeposit.pdf
2026-03-02 09:51	112817	pdf	Contractors/DCal Lockers/Rea Park Lane 1031.pdf
2026-03-04 09:57	112788	pdf	Contractors/DCal Lockers/Rea Park.pdf
2024-10-28 10:58	3670705	pdf	Contractors/Designs By Liv/Contractor Info & W-9.pdf
2024-11-22 10:20	27548	pdf	Contractors/Designs By Liv/INV0292.pdf
2025-04-22 09:55	27731	pdf	Contractors/Designs By Liv/INV0354.pdf
2025-06-02 16:48	27720	pdf	Contractors/Designs By Liv/INV0374.pdf
2025-10-02 16:52	27688	pdf	Contractors/Designs By Liv/INV0432.pdf
2024-04-24 14:20	239713	pdf	Contractors/Duba Paine Architects/22314.00 Invoice 23140001.pdf
2024-04-24 14:20	619268	pdf	Contractors/Duba Paine Architects/Duda Paine Architects PA W-9 10-11-23.pdf
2025-10-09 16:12	81500	pdf	Contractors/ECS/DSI Letter Signed.pdf
2025-10-09 16:12	109174	pdf	Contractors/ECS/Non-compliance Log.pdf
2025-10-09 16:12	405977	docx	Contractors/ECS/RDPIRC Letter.docx
2025-10-09 16:13	86136	pdf	Contractors/ECS/RDPIRC Letter_signed.pdf
2025-01-20 10:42	447999	pdf	Contractors/Edifice/20250107 - Rea Farms MOB II Deliverable.pdf
2025-06-17 11:55	118789	pdf	Contractors/Edifice/Bill of sale - Rea Farms for balance of panels & xfmrs - May 2025.pdf
2025-12-11 12:17	137408	pdf	Contractors/Edifice/BRW2CEADC671439_003475.pdf
2025-12-11 12:17	25637	pdf	Contractors/Edifice/Certificate.pdf
2025-11-10 17:16	1114129	pdf	Contractors/Edifice/Cynergy October Stored Material.pdf
2025-01-06 12:10	72588	pdf	Contractors/Edifice/Edifice LLC Wire_ACH Instructions 2024.pdf
2026-01-21 10:48	6087787	pdf	Contractors/Edifice/PCOs/OCO #10/PCO 32 - Owner LV  Security  Rev 13 Gym_signed.pdf
2026-01-22 14:40	215118	pdf	Contractors/Edifice/PCOs/OCO #10/Rea Farms PCO No. 53 - Rigid Insulation for Owner Signage.pdf
2026-01-22 14:40	368408	pdf	Contractors/Edifice/PCOs/OCO #10/Rea Farms PCO No. 54 - Stonard Lobby Stair.pdf
2026-02-23 14:45	424746	pdf	Contractors/Edifice/PCOs/OCO #10/Rea Farms PCO No. 64 - Addl J2 Panels to Return into the Roll Up Door.pdf
2026-02-23 15:08	284733	pdf	Contractors/Edifice/PCOs/OCO #10/Rea Farms PCO No. 69 - Power for Beverage Fridge Moved and Add Power for Printer.pdf
2026-03-18 11:22	32800380	pdf	Contractors/Edifice/PCOs/OCO #10/Rea_Farms_Owner_Change_Order_No_10.pdf
2026-02-23 14:08	697916	pdf	Contractors/Edifice/PCOs/OCO #10/Rea_Farms_PCO_No_40_-_Drawing_Revision_14.pdf
2026-02-23 14:07	261349	pdf	Contractors/Edifice/PCOs/OCO #10/Rea_Farms_PCO_No_62_-_Allowance_Credit_-_Bui.pdf
2025-09-30 14:51	1014051	pdf	Contractors/Edifice/PCOs/OCO #6/PCO 14 - RTAP #3 Drawing Changes Rev1..pdf
2025-09-30 14:51	1307391	pdf	Contractors/Edifice/PCOs/OCO #6/PCO 23 - Drawing Revision 13 Revised (FMK Reviewed).pdf
2025-09-22 14:32	9356917	pdf	Contractors/Edifice/PCOs/OCO #6/PCO 24 - RFI 78 - Follow-up RFI 57 - Retaining Wall & RFI 90 - DrainageRev2 (FMK Reviewed).pdf
2025-09-22 14:32	412911	pdf	Contractors/Edifice/PCOs/OCO #6/PCO 25 - Interior Finish Selection - WC-01 Alternate Selection (FMK Reviewed).pdf
2025-09-30 14:51	473012	pdf	Contractors/Edifice/PCOs/OCO #6/PCO 25 - Interior Finish Selection - WC-01 Alternate Selection.pdf
2025-09-30 14:52	530627	pdf	Contractors/Edifice/PCOs/OCO #6/PCO 28 - Specialty Railing Sports Science Balcony  Gallery Change Revised (FMK Reviewed).pdf
2025-09-30 14:52	206308	pdf	Contractors/Edifice/PCOs/OCO #6/PCO 36 - Added Metal Panels at Interior East Wall.pdf
2025-09-29 13:12	927471	pdf	Contractors/Edifice/PCOs/OCO #6/Rea_Farms_PCO_14_-_RTAP_3_Drawing_Changes_Re.pdf
2025-09-30 21:25	2493002	pdf	Contractors/Edifice/PCOs/OCO #6/Rea_Farms_PCO_18 - Building Revisions 11 and 12 REV4..pdf
2025-09-29 13:13	1220788	pdf	Contractors/Edifice/PCOs/OCO #6/Rea_Farms_PCO_23_-_Drawing_Revision_13_Revise.pdf
2025-10-02 11:56	9459347	pdf	Contractors/Edifice/PCOs/OCO #6/Rea_Farms_PCO_24_-_RFI_78_-_Follow-up_RFI_57_.pdf
2025-09-29 13:14	386693	pdf	Contractors/Edifice/PCOs/OCO #6/Rea_Farms_PCO_25_-_Interior_Finish_Selection_.pdf
2025-09-29 13:17	443669	pdf	Contractors/Edifice/PCOs/OCO #6/Rea_Farms_PCO_28_-_Specialty_Railing_Sports_S.pdf
2025-09-29 13:19	119565	pdf	Contractors/Edifice/PCOs/OCO #6/Rea_Farms_PCO_36_-_Added_Metal_Panels_at_Inte.pdf
2025-10-06 15:23	353922	pdf	Contractors/Edifice/PCOs/OCO #7/PCO 22 - Additional Signage Requirements.pdf
2025-10-06 15:23	3493770	pdf	Contractors/Edifice/PCOs/OCO #7/PCO 26 - MOB2 - Site Preparation Deduct Edifice Signed.pdf
2025-10-06 15:23	3565206	pdf	Contractors/Edifice/PCOs/OCO #7/PCO 26 - MOB2 - Site Preparation Deduct Rev2. Edifice Signed.pdf
2025-10-06 15:23	429476	pdf	Contractors/Edifice/PCOs/OCO #7/PCO 31 - Door Hardware Adds - Cylinders Only.pdf
2025-10-06 15:23	156541	pdf	Contractors/Edifice/PCOs/OCO #7/PCO 39 - Quazite Box and Conduit Extension for Spectrum.pdf
2025-10-23 15:55	4839902	pdf	Contractors/Edifice/PCOs/OCO #7/Rea Farms Owner Change Order No. 7.pdf
2025-10-06 15:23	10638067	pdf	Contractors/Edifice/PCOs/OCO #8/PCO 15 - Unsuitable Soils Rev3.pdf
2025-10-31 14:49	828878	pdf	Contractors/Edifice/PCOs/OCO #8/PCO 15 - Unsuitable Soils Rev3_signed.pdf
2025-10-31 09:04	10670537	pdf	Contractors/Edifice/PCOs/OCO #8/PCO 15 Rev 3.pdf
2025-10-06 15:24	2342519	pdf	Contractors/Edifice/PCOs/OCO #8/PCO 33 - Conference Room 209 L19 Light Fixture.pdf
2025-10-27 10:06	944254	pdf	Contractors/Edifice/PCOs/OCO #8/PCO 33 - Conference Room 209 L19 Light Fixture_signed.pdf
2025-11-03 16:07	2905196	pdf	Contractors/Edifice/PCOs/OCO #8/PCO 42 - Wall Pads at Plan West & South Elevations of Gym_signed.pdf
2025-11-03 11:17	1375450	pdf	Contractors/Edifice/PCOs/OCO #8/PCO 43 - HVLS Fan at Training Area 120_signed.pdf
2025-11-10 12:20	6119430	pdf	Contractors/Edifice/PCOs/OCO #8/Rea_Farms_Owner_Change_Order_No_8.pdf
2025-09-22 14:32	4229125	pdf	Contractors/Edifice/PCOs/OCO #9/PCO 16 - Storm Line Perched Water.pdf
2025-12-15 14:31	4924208	pdf	Contractors/Edifice/PCOs/OCO #9/PCO 16 - Storm Line Perched Water_signed.pdf
2025-10-06 15:23	321949	pdf	Contractors/Edifice/PCOs/OCO #9/PCO 29 - Lobby Stair Re-design.pdf
2025-11-11 14:02	1016199	pdf	Contractors/Edifice/PCOs/OCO #9/PCO 29 - Lobby Stair Re-design_signed.pdf
2025-11-03 16:16	1211981	pdf	Contractors/Edifice/PCOs/OCO #9/PCO 34 - Landscape Lighting per Rev 13 R1_signed.pdf
2025-11-03 11:53	2694487	pdf	Contractors/Edifice/PCOs/OCO #9/PCO 38 - Drawing Rev 14 (only RFI 92) - WH and Mop Sink.pdf
2025-12-03 13:38	3815408	pdf	Contractors/Edifice/PCOs/OCO #9/PCO 38 - Drawing Rev 14 (only RFI 92) - WH and Mop Sink_signed.pdf
2025-10-06 15:24	875885	pdf	Contractors/Edifice/PCOs/OCO #9/PCO 38 - RFI 92 - GWH1 Revision.pdf
2025-12-15 14:57	4532255	pdf	Contractors/Edifice/PCOs/OCO #9/PCO 45R1 - Upgrade to Stonhard_signed.pdf
2025-12-18 15:24	2164117	pdf	Contractors/Edifice/PCOs/OCO #9/PCO 49 - Additional Sound Panels and Acrovyn at Gym_signed.pdf
2025-12-18 16:48	210877	pdf	Contractors/Edifice/PCOs/OCO #9/PCO 52 - Duke Energy Boring_signed.pdf
2025-11-17 09:23	843757	pdf	Contractors/Edifice/PCOs/OCO #9/Rea Farms CONT 8 - Rooftop Mechanical Screen.pdf
2026-01-22 14:38	331210	pdf	Contractors/Edifice/PCOs/OCO #9/Rea Farms PCO 41 - Unsuitable Soil at Golf Links Dr Entrance & Type 2 Upgrade.pdf
2026-03-18 11:21	25768745	pdf	Contractors/Edifice/PCOs/OCO #9/Rea_Farms_Owner_Change_Order_No_9_REVISED.pdf
2025-09-22 14:32	922217	pdf	Contractors/Edifice/PCOs/Old_Void/PCO 14 - RTAP #3 Drawing Changes Rev1..pdf
2025-10-06 15:23	2378245	pdf	Contractors/Edifice/PCOs/Old_Void/PCO 18 - Building Revisions 11 and 12 REV4..pdf
2025-09-22 14:33	1931811	pdf	Contractors/Edifice/PCOs/Old_Void/PCO 18 - Building Revisions 11 and 12 Revised (FMK Reviewed).pdf
2025-09-22 14:33	1218708	pdf	Contractors/Edifice/PCOs/Old_Void/PCO 23 - Drawing Revision 13 Revised (FMK Reviewed).pdf
2025-09-22 14:32	9356917	pdf	Contractors/Edifice/PCOs/Old_Void/PCO 24 - RFI 78 - Follow-up RFI 57 - Retaining Wall & RFI 90 - DrainageRev2 (FMK Reviewed).pdf
2025-09-22 14:33	425838	pdf	Contractors/Edifice/PCOs/Old_Void/PCO 28 - Specialty Railing Sports Science Balcony  Gallery Change Revised (FMK Reviewed).pdf
2025-10-06 15:23	5882275	pdf	Contractors/Edifice/PCOs/PCO 17 - RFI 58 - Site Furnishing.pdf
2025-12-18 15:34	521003	pdf	Contractors/Edifice/PCOs/PCO 30 - Railing Design Change at the Lobby Stair.pdf
2025-10-23 16:25	5454315	pdf	Contractors/Edifice/PCOs/PCO 32 - Owner LV  Security  Rev 13 Gym.pdf
2025-12-18 15:38	253298	pdf	Contractors/Edifice/PCOs/PCO 35 - Door Hardware Add - Mag Locks.pdf
2025-11-03 11:53	660254	pdf	Contractors/Edifice/PCOs/PCO 40 - Drawing Rev 14.pdf
2026-04-27 15:20	775104	pdf	Contractors/Edifice/PCOs/Rea Farms CONT No. 11 - 2nd Floor Partition Adjustment.pdf
2026-01-22 15:14	1721731	pdf	Contractors/Edifice/PCOs/Rea Farms PCO No. 55 - Basketball Goal Bracing Modifications (002).pdf
2026-06-11 16:56	382186	pdf	Contractors/Edifice/PCOs/Rea Farms PCO No. 72 - Slay Office Full Lite Glass + Rob's Office.pdf
2026-04-27 15:20	243874	pdf	Contractors/Edifice/PCOs/Rea Farms PCO No. 77 - Change to Black Electrical Devices & Q1 Fixture.pdf
2025-12-18 15:50	5443704	pdf	Contractors/Edifice/PCOs/Rea_Farms_PCO_47_-_Change_from_Turf_Baffles_t.pdf
2025-12-18 16:15	4023888	pdf	Contractors/Edifice/PCOs/Rea_Farms_PCO_No_50_-_Grade_Issue_at_Canopy_.pdf
2025-12-18 16:32	22248864	pdf	Contractors/Edifice/PCOs/Rea_Farms_PCO_No_51_-_J2_Engraved_Panels_at_.pdf
2025-12-18 16:47	128412	pdf	Contractors/Edifice/PCOs/Rea_Farms_PCO_No_53_-_Rigid_Insulation_for_O.pdf
2026-04-15 13:55	544340	pdf	Contractors/Edifice/PCOs/Rea_Farms_PCO_No_65_-_Addl_Acrovyn_to_Return.pdf
2026-04-15 14:37	342954	pdf	Contractors/Edifice/PCOs/Rea_Farms_PCO_No_75_-_Door_134_Electronic_Ha.pdf
2026-04-15 13:42	330891	pdf	Contractors/Edifice/PCOs/Rea_Farms_PCO_No_76_-_Millwork_-_Lobby__Kit.pdf
2025-09-22 14:33	92571	pdf	Contractors/Edifice/PCOs/RFSMC - PCO Log Tracker 09.17.25.pdf
2025-10-06 15:23	91433	pdf	Contractors/Edifice/PCOs/RFSMC - PCO Log Tracker 10.02.25.pdf
2025-12-03 11:03	71245	pdf	Contractors/Edifice/PCOs/RFSMC - PCO Log Tracker 12.03.25.pdf
2025-06-17 11:55	200418	pdf	Contractors/Edifice/REA FARM - Bill of Sale - HBE April pay App_ (002).pdf
2025-09-15 10:28	667310	pdf	Contractors/Edifice/Rea Farms Owner Pay App No. 10.pdf
2025-10-10 11:30	685590	pdf	Contractors/Edifice/Rea Farms Owner Pay App No. 11.pdf
2025-11-10 17:16	686287	pdf	Contractors/Edifice/Rea Farms Owner Pay App No. 12.pdf
2025-12-11 12:17	685848	pdf	Contractors/Edifice/Rea Farms Owner Pay App No. 13.pdf
2026-01-21 12:14	673728	pdf	Contractors/Edifice/Rea Farms Owner Pay App No. 14 (1).pdf
2026-02-16 12:55	708059	pdf	Contractors/Edifice/Rea Farms Owner Pay App No. 15.pdf
2026-04-14 11:21	704285	pdf	Contractors/Edifice/Rea Farms Owner Pay App No. 17.pdf
2026-04-29 16:30	737713	pdf	Contractors/Edifice/Rea Farms Owner Pay App No. 18.pdf
2025-01-06 12:37	656603	pdf	Contractors/Edifice/Rea Farms Owner Pay App No. 2.pdf
2025-06-13 15:31	682049	pdf	Contractors/Edifice/Rea Farms Owner Pay App No. 7.pdf
2025-07-21 17:29	695676	pdf	Contractors/Edifice/Rea Farms Owner Pay App No. 8.pdf
2025-08-13 16:45	637857	pdf	Contractors/Edifice/Rea Farms Owner Pay App No. 9.pdf
2024-10-28 10:54	2747485	pdf	Contractors/Edifice/Rea Farms Sports Medicine Center Contract.pdf
2025-01-06 12:10	483494	pdf	Contractors/Edifice/Rea Farms Sports Medicine Center Pay App No. 1_signed.pdf
2025-04-07 15:52	666247	pdf	Contractors/Edifice/Rea Farms Sports Medicine Owner Pay App No. 5.pdf
2025-05-12 17:01	690333	pdf	Contractors/Edifice/Rea Farms Sports Medicine Owner Pay App No. 6.pdf
2025-04-10 14:19	632701	pdf	Contractors/Edifice/Rea Farms Sports Medicine Pay App No. 4_signed.pdf
2025-09-04 12:44	6050757	pdf	Contractors/Edifice/Rea_Farms_Owner_Change_Order_No_05.pdf
2026-03-25 14:35	716103	pdf	Contractors/Edifice/Rea_Farms_Owner_Pay_App_No_16.pdf
2025-01-31 12:17	14845828	pdf	Contractors/Edifice/Rea_Farms_Owner_Pay_App_No_3_signed.pdf
2025-08-05 08:52	663935	pdf	Contractors/Edifice/Rea_Farms_Owner_Pay_App_No_9.pdf
2025-06-13 15:31	424684	pdf	Contractors/Edifice/RFSMC - Electrical Stored Materials.pdf
2025-01-31 12:17	2238363	pdf	Contractors/Edifice/Taylor Capital - Carolina Sports Medicine Center - Monthly Field Report #1 - January 2025.pdf
2025-04-10 14:19	11600621	pdf	Contractors/Edifice/Taylor Capital - Carolina Sports Medicine Center - Monthly Field Report #2 - February 2025.pdf
2025-05-12 17:01	13030769	pdf	Contractors/Edifice/Taylor Capital - Carolina Sports Medicine Center - Monthly Field Report - April 2025rev1.pdf
2026-02-16 12:55	14445088	pdf	Contractors/Edifice/Taylor Capital - Carolina Sports Medicine Center - Monthly Field Report - January 2026.pdf
2025-08-13 16:45	2312240	pdf	Contractors/Edifice/Taylor Capital - Carolina Sports Medicine Center - Monthly Field Report - July 2025.pdf
2025-07-21 17:29	8911067	pdf	Contractors/Edifice/Taylor Capital - Carolina Sports Medicine Center - Monthly Field Report - June 2025.pdf
2025-04-07 15:52	8364905	pdf	Contractors/Edifice/Taylor Capital - Carolina Sports Medicine Center - Monthly Field Report - March 2025.pdf
2026-04-14 11:21	7964920	pdf	Contractors/Edifice/Taylor Capital - Carolina Sports Medicine Center - Monthly Field Report - March 2026.pdf
2025-06-13 15:31	15187514	pdf	Contractors/Edifice/Taylor Capital - Carolina Sports Medicine Center - Monthly Field Report - May 2025.pdf
2025-12-11 12:17	14310637	pdf	Contractors/Edifice/Taylor Capital - Carolina Sports Medicine Center - Monthly Field Report - November 2025.pdf
2025-11-10 17:16	14946372	pdf	Contractors/Edifice/Taylor Capital - Carolina Sports Medicine Center - Monthly Field Report - October 2025.pdf
2025-10-09 15:01	12445054	pdf	Contractors/Edifice/Taylor Capital - Carolina Sports Medicine Center - Monthly Field Report - September 2025.pdf
2026-01-22 22:42	401913	pdf	Contractors/Edifice/TCO.PlacardB4733342.pdf
2026-02-26 12:06	747175	pdf	Contractors/Edifice/Updated Confirmation_Rea Farms Edifice Audit Dec 2025.pdf
2025-04-09 16:14	165408	pdf	Contractors/FMK Architects/2329-0125.pdf
2024-04-24 14:20	163881	pdf	Contractors/FMK Architects/2329-1223.pdf
2026-07-08 17:19	1761532	pdf	Contractors/FMK Architects/FMK Settlement Agreement and Release.pdf
2026-02-13 09:24	48798	pdf	Contractors/Forms and Surfaces/DI 179515 Carolina Sports Medicine Center Universal Receptacles (1).pdf
2026-02-17 08:18	67837	pdf	Contractors/Forms and Surfaces/Freight Services Form_20250523.pdf
2026-02-16 16:02	892709	pdf	Contractors/Forms and Surfaces/Freight Services Form_20250523_signed.pdf
2026-02-16 15:35	286807	pdf	Contractors/Forms and Surfaces/FSRPLCOI26.pdf
2026-02-10 10:17	830407	pdf	Contractors/Forms and Surfaces/Q 282317 Carolina Sports Medicine Center Universal Receptacles.pdf
2026-02-13 09:24	139895	pdf	Contractors/Forms and Surfaces/SO 179515 Carolina Sports Medicine Center Universal Receptacles.pdf
2026-02-16 16:01	5656696	pdf	Contractors/Forms and Surfaces/SO 179515 Carolina Sports Medicine Center Universal Receptacles_signed.pdf
2026-02-16 15:35	911315	pdf	Contractors/Forms and Surfaces/W-9 2026 (1).pdf
2026-02-13 17:01	49703	pdf	Contractors/Forms+Surfaces/Freight Services Form_20250523 (003).pdf
2025-10-07 14:18	125892	pdf	Contractors/Guardian IT Systems/Guardian IT Systems Transaction Receipt  - Invoice 31673.pdf
2025-10-07 14:18	126123	pdf	Contractors/Guardian IT Systems/Guardian IT Systems Transaction Receipt  - Invoice 31983.pdf
2025-10-07 14:19	126310	pdf	Contractors/Guardian IT Systems/Guardian IT Systems Transaction Receipt  - Invoice 32284.pdf
2025-10-07 14:19	126107	pdf	Contractors/Guardian IT Systems/Guardian IT Systems Transaction Receipt  - Invoice 32873.pdf
2025-10-07 14:19	125378	pdf	Contractors/Guardian IT Systems/Guardian IT Systems Transaction Receipt  - Invoice 33177.pdf
2025-11-11 14:15	126422	pdf	Contractors/Guardian IT Systems/Guardian IT Systems Transaction Receipt  - Invoice 34089.pdf
2026-08-28 12:31	1222085	pdf	Contractors/Guardian IT Systems/Invoice Negotiation 08.28.26.pdf
2025-10-06 12:45	175943	pdf	Contractors/Guardian IT Systems/Quote_Taylor Capital_4466.pdf
2025-10-27 11:40	185686	pdf	Contractors/Guardian IT Systems/Quote_Taylor Capital_4959_final equipment quote.pdf
2025-10-06 12:45	117008	pdf	Contractors/Guardian IT Systems/Taylor Capital - Guardian IT Systems Engagement Letter.pdf
2026-09-09 11:20	2163619	pdf	Contractors/Guardian IT Systems/Taylor Capital MSP_Redlines 09.09.26.pdf
2025-10-07 14:10	805716	pdf	Contractors/Guardian IT Systems/W9 GITS 042721.pdf
2025-10-08 14:14	1860125	pdf	Contractors/Interior Elements, LLC/092425-Rea Farm Sports Medicine Facility-Final Presentation.pdf
2025-10-08 14:20	1057907	pdf	Contractors/Interior Elements, LLC/12928-Taylor Capital-Rea Farms Sports Medicine Facility-Proposal-Rev2 Signed.pdf
2025-10-08 14:14	135696	pdf	Contractors/Interior Elements, LLC/12928-Taylor Capital-Rea Farms Sports Medicine Facility-Proposal-Rev2.pdf
2025-08-12 16:53	164575	pdf	Contractors/Interior Elements, LLC/2025 IE W9.pdf
2025-08-14 09:34	3640704	pdf	Contractors/Interior Elements, LLC/COI.pdf
2025-08-12 16:53	348280	pdf	Contractors/Interior Elements, LLC/Contractor Info - Interior Elements.pdf
2026-01-16 10:52	729317	pdf	Contractors/Jays Cleaning Services/COI 1-16-26.pdf
2026-01-16 10:53	142134	pdf	Contractors/Jays Cleaning Services/Document 4 (3).pdf
2026-08-24 14:28	1074140	pdf	Contractors/Jays Cleaning Services/Janitorial Floor Plans/CSMC - Level 1 Building Plan SF with CNSA.pdf
2026-08-24 13:19	1039341	pdf	Contractors/Jays Cleaning Services/Janitorial Floor Plans/CSMC - Level 1 Building Plan SF.pdf
2026-08-24 13:24	727709	pdf	Contractors/Jays Cleaning Services/Janitorial Floor Plans/CSMC - Level 2 Building Plan SF with CNSA.pdf
2026-08-24 12:56	725663	pdf	Contractors/Jays Cleaning Services/Janitorial Floor Plans/CSMC - Level 2 Building Plan SF.pdf
2026-01-16 17:09	195633	pdf	Contractors/Jays Cleaning Services/Jay's Cleaning Services_signed.pdf
2026-01-27 15:54	213782	jpg	Contractors/Jays Cleaning Services/Jay's Cleaning/Resized_20260117_093558.jpg
2026-01-27 15:54	147718	jpg	Contractors/Jays Cleaning Services/Jay's Cleaning/Resized_20260117_093633.jpg
2026-02-20 17:39	40002	pdf	Contractors/Jays Cleaning Services/Pro-Locker Room Invoice.pdf
2026-02-20 17:39	45894	pdf	Contractors/Jays Cleaning Services/Slay/Feb Invoice SLAY.pdf
2026-03-04 15:46	65939	pdf	Contractors/Jays Cleaning Services/Slay/Slay_Basketball_Cleaning_Contract_UPDATED_v6signed.pdf
2026-06-10 17:02	130525	pdf	Contractors/Jays Cleaning Services/Slay/SlayBB Contract-Revised-6.9.26.pdf
2026-02-20 17:39	40520	pdf	Contractors/Jays Cleaning Services/Taylor Capital/Taylor Capital Monthly Invoice (3).pdf
2026-02-20 17:39	3158	pdf	Contractors/Jays Cleaning Services/Taylor Capital/Taylor_CAPITAL_Cleaning_Services_Agreement.pdf
2026-03-02 16:03	66662	pdf	Contractors/Jays Cleaning Services/Taylor Capital/Taylor_CAPITAL_Cleaning_Services_Agreement_signed.pdf
2025-11-26 09:24	2209865	jpg	Contractors/Jeffery Tudor/W-9.jpg
2024-04-24 14:20	19469	pdf	Contractors/Landdesign/1023121 11.2.23 127592.pdf
2024-04-24 14:20	620007	pdf	Contractors/Landdesign/W9 Form 2023.pdf
2026-08-04 13:37	2031166	pdf	Contractors/MCI/HVAC Preventative Maintenance Reports/Carolina Sports Medicine Center - Service Checklist - Summer 2026.pdf
2026-04-06 10:37	401619	pdf	Contractors/MCI/MCI W9 2026.pdf
2026-03-09 14:16	463555	pdf	Contractors/MCI/Rea Farms Service Contract.pdf
2026-04-06 09:37	1154716	pdf	Contractors/MCI/Rea Farms Service Contract_signed.pdf
2026-04-06 12:50	128628	pdf	Contractors/MCI/Rea Park Lane 1031, LLC_Mechanical Contractors, LLC_26 27 Master wProf & Pol_4-6-2026_550059758.pdf
2026-03-23 13:37	24161	docx	Contractors/Mimi's Indoor Plant/Corporate Plant Care Contract.docx
2026-03-27 16:47	78074	pdf	Contractors/Mimi's Indoor Plant/Corporate Plant Care Contract.pdf
2026-03-27 16:48	134693	pdf	Contractors/Mimi's Indoor Plant/Corporate Plant Care Contract_signed.pdf
2026-03-24 13:40	100810	pdf	Contractors/Mimi's Indoor Plant/HBW5470298XB1-Mimi's Indoor Plants LLC-COI Rea Park Lane 1031- LLC.pdf
2026-03-24 13:40	132144	pdf	Contractors/Mimi's Indoor Plant/Mimi's Indoor Plants W-9.pdf
2026-04-03 15:40	117743	pdf	Contractors/Mimi's Indoor Plant/Mimi's Plant Care Contract with Schedule signed 03272026.pdf
2026-04-03 15:40	130179	pdf	Contractors/Mimi's Indoor Plant/Mimi's Plant Care Contract with Schedule signed 03272026Signed.pdf
2026-04-13 17:01	48340	pdf	Contractors/Mimi's Indoor Plant/Summary of Service/sqinv-Rebecca-Taylor-000020.pdf
2026-08-28 09:33	6392270	pdf	Contractors/Otis Elevator/Otis NIS Service.pdf
2026-08-28 09:33	417043	pdf	Contractors/Otis Elevator/Otisline Service Fact Sheet.pdf
2026-04-01 10:46	312669	pdf	Contractors/Otis Elevator/Rea Farms Sports Medicne Center OS Contract.pdf
2026-03-18 09:55	147314	pdf	Contractors/Pest Control/Rea Park Lane.pdf
2026-03-13 12:26	119938	pdf	Contractors/Plant House/Rea Park Lane 1031, LLC_Ryan Incorporated ta PlantHouse_2026-2027 Master COI_3-13-2026_1090310461.pdf
2025-06-30 16:03	18471	xlsx	Contractors/Playbook/Dormie Equity Partners, LP_ Playbook Transactions_6-30-25.xlsx
2024-04-24 14:20	70750	pdf	Contractors/Playbook/Playbook Management Company, LLC - Invoice # 4201.pdf
2025-11-24 09:36	1538998	pdf	Contractors/Plaza Appliance/Appliance Cut Sheets/Gallery Undercounter - XOU24GCGOA.pdf
2025-11-24 09:35	368430	pdf	Contractors/Plaza Appliance/Appliance Cut Sheets/TC Kitchen Bev Fridge - TR-30BEV-RL-SG-C_.pdf
2025-11-24 09:35	1218823	pdf	Contractors/Plaza Appliance/Appliance Cut Sheets/TC Kitchen DW - KDTF924PPS.pdf
2025-11-24 09:35	144757	pdf	Contractors/Plaza Appliance/Appliance Cut Sheets/TC Kitchen Fridge - krfc704fspecsheetv01.pdf
2025-11-24 09:36	1830903	pdf	Contractors/Plaza Appliance/Appliance Cut Sheets/TC Kitchen Microwave - KMBS730S__-_Owners_Manual.pdf
2025-11-14 09:11	111687	pdf	Contractors/Plaza Appliance/B00072011 Deposit Confirmation.pdf
2025-11-24 09:43	61532	pdf	Contractors/Plaza Appliance/B00072011.pdf
2025-11-12 15:38	104774	pdf	Contractors/Plaza Appliance/carolina sports med ctr-revised quote #b00072011.pdf
2025-11-24 09:43	1218823	pdf	Contractors/Plaza Appliance/KDTF924PPS.pdf
2025-11-24 09:43	1830903	pdf	Contractors/Plaza Appliance/KMBS730S__-_Owners_Manual.pdf
2025-11-24 09:43	144757	pdf	Contractors/Plaza Appliance/krfc704fspecsheetv01.pdf
2025-11-13 16:25	64075	pdf	Contractors/Plaza Appliance/Plaza COI.pdf
2025-11-24 09:43	368430	pdf	Contractors/Plaza Appliance/TR-30BEV-RL-SG-C_.pdf
2025-11-13 16:24	649375	pdf	Contractors/Plaza Appliance/W9- 11-13-25.pdf
2025-11-24 09:43	1538998	pdf	Contractors/Plaza Appliance/XOU24GCGOA.pdf
2025-12-22 12:29	396252	pdf	Contractors/Rath Janus/SIM Contract SC-251206665.pdf
2026-03-13 07:15	5124834	pdf	Contractors/Rec Plus, Inc dba Recongnition Plus & RP Signs/25-26 Master - Rea Park Lane 1031, LLC.pdf
2026-09-01 13:19	1493683	pdf	Contractors/Rec Plus, Inc dba Recongnition Plus & RP Signs/CSMC - Directional Sign Locations_Rough Utility Locations.pdf
2026-03-13 09:26	28190	pdf	Contractors/Rec Plus, Inc dba Recongnition Plus & RP Signs/Invoice 220307 (1).pdf
2026-03-13 07:15	77956	pdf	Contractors/Rec Plus, Inc dba Recongnition Plus & RP Signs/Rea park.pdf
2026-06-29 10:51	28537	pdf	Contractors/Rec Plus, Inc dba Recongnition Plus & RP Signs/Taylor Capital - Slay Pro Locker Room Logo_Signed.pdf
2026-08-21 16:02	10924673	pdf	Contractors/Rec Plus, Inc dba Recongnition Plus & RP Signs/Taylor Capital _Signpackage Rev6 (072126)_TC Comments 08.21.26.pdf
2026-03-13 09:25	623169	pdf	Contractors/Rec Plus, Inc dba Recongnition Plus & RP Signs/W-9-26.pdf
2026-01-20 09:24	277221	pdf	Contractors/Romar Elevators/2026 COI.pdf
2026-01-20 09:24	132144	pdf	Contractors/Romar Elevators/Form W-9.pdf
2026-04-20 09:31	823113	pdf	Contractors/Romar Elevators/Rea Farms Phone Monitoring Proposal 12 31 25.pdf
2025-12-16 11:31	1341493	pdf	Contractors/Romar Elevators/Rea Farms Sports Medicine - PM 12-09-25 - F089.pdf
2026-01-20 17:13	622856	pdf	Contractors/Romar Elevators/W9.pdf
2025-12-29 15:53	567406	pdf	Contractors/Scorevision/Carolina Sports Medicine Center - Terms of Service Agreement.pdf
2026-02-09 13:52	18585	xlsx	Contractors/Security 101/Architech Sports Door Access List.xlsx
2026-07-16 09:08	207534	pdf	Contractors/Security 101/Charlotte Alarm Management Service 7-16-26.pdf
2025-07-15 16:06	131724	pdf	Contractors/Security 101/Contractor Info.pdf
2026-02-04 12:09	17024	xlsx	Contractors/Security 101/Credential Holders for Building Access.xlsx
2026-09-11 16:10	768798	pdf	Contractors/Security 101/Credit CO Data Upload.Rea Farms 254225.2.pdf
2026-01-20 16:52	1040707	pdf	Contractors/Security 101/CSMC - 1st Floor Access Control Door Locations.pdf
2026-01-20 16:52	709271	pdf	Contractors/Security 101/CSMC - 2nd Floor Access Control Door Locations.pdf
2026-03-20 10:38	855527	pdf	Contractors/Security 101/Intrusion Zones/Rea Farms 1st Flr Zones.pdf
2026-03-20 10:38	562602	pdf	Contractors/Security 101/Intrusion Zones/Rea Farms2nd Flr Zone.pdf
2025-08-28 13:27	129403	pdf	Contractors/Security 101/Letter_4345402.pdf
2025-07-24 16:43	1217013	pdf	Contractors/Security 101/Proposal 254225.2 RFSM Security Project - Brivo_Eagle Eye (1)_Final_signed.pdf
2025-09-22 16:35	659852	pdf	Contractors/Security 101/Proposal 269131.0 Add On #1_ RFSM Security Project - Brivo_Eagle Eye - Door Adds (3).pdf
2025-09-22 16:52	1348892	pdf	Contractors/Security 101/Proposal 269131.0 Add On #1_ RFSM Security Project - Brivo_Eagle Eye - Door Adds (3)_signed.pdf
2026-01-14 11:41	1172960	pdf	Contractors/Security 101/Proposal 281540.0 Add On #2_ RFSM Security Project - Brivo_Eagle Eye - Door Add 115A and Camera Viewing Station.pdf
2026-01-23 09:52	1131244	pdf	Contractors/Security 101/Proposal 284434.0 Add On #3_ RFSM Security Project - Brivo Video Intercom and Camera Change.pdf
2026-03-12 14:37	461979	pdf	Contractors/Security 101/Proposal 290186.0 Add On #4_ RFSM Security Project - Brivo_Eagle Eye - User Data Upload.pdf
2026-03-24 10:06	386767	pdf	Contractors/Security 101/Proposal 290186.1 Add On #4_ RFSM Security Project - Brivo_Eagle Eye - User Data Upload_signed.pdf
2026-06-04 15:11	1377646	pdf	Contractors/Security 101/Proposal 298130.1 Add On #5_ RFSM Security Project - Brivo_Eagle Eye - Camera Add 5.19.26_signed.pdf
2025-07-15 16:06	1485147	pdf	Contractors/Security 101/ReaParkLane1031LLC_W39814650.pdf
2025-11-13 16:24	1137058	pdf	Contractors/Security 101/ReaParkLane1031LLC_W41795605.pdf
2026-01-23 09:41	859342	pdf	Contractors/Security 101/RFSMCO4threelens.pdf
2025-07-15 16:07	197319	pdf	Contractors/Security 101/S101 Change of Remittance Address.pdf
2025-08-28 15:44	710501	pdf	Contractors/Security 101/S101 Monitoring Agreement_8-13-25.pdf
2025-08-28 13:29	6304939	pdf	Contractors/Security 101/S101 Monitoring Agreement_8-13-25signed.pdf
2025-07-15 16:06	189891	pdf	Contractors/Security 101/SECURITY 101 W9 2025.pdf
2026-01-21 14:04	18565	xlsx	Contractors/Security 101/Slay Basketball, LLC-Credential Holders for Building Access.xlsx
2025-12-17 14:18	628793	pdf	Contractors/Security Centeral/Monitoring Form- Rea Farms- AOR.pdf
2025-11-07 13:20	630846	pdf	Contractors/Security Centeral/Monitoring Form- Rea Farms.pdf
2025-02-11 13:24	69751	pdf	Contractors/SouthWood Corporations/2025 W9 Remit Lockbox.pdf
2025-09-15 10:17	1402539	pdf	Contractors/SouthWood Corporations/Carolina Sports Medicine MOB1 Proposal 9.11.25_signed.pdf
2025-02-11 13:24	2866138	docx	Contractors/SouthWood Corporations/Contractor Info.docx
2025-08-20 09:45	22811405	pdf	Contractors/SouthWood Corporations/Drawings/10838_Carolina Sports Medical Center_ V18.pdf
2025-08-21 12:47	14481723	pdf	Contractors/SouthWood Corporations/Drawings/10838_Carolina Sports Medical Center_ V19.pdf
2025-10-29 10:24	35117209	pdf	Contractors/SouthWood Corporations/Drawings/10838_Carolina Sports Medical Center_V20.pdf
2025-12-09 08:31	743070	pdf	Contractors/SouthWood Corporations/Drawings/201280_Carolina Sports Medical Center_ADA SIGNS.pdf
2025-12-09 08:31	16183124	pdf	Contractors/SouthWood Corporations/Drawings/201280_Carolina Sports Medical Center_PHASE II.pdf
2025-11-11 12:56	18463461	pdf	Contractors/SouthWood Corporations/Drawings/201280_Carolina Sports Medical Center_V21.pdf
2025-11-11 12:56	18236889	pdf	Contractors/SouthWood Corporations/Drawings/201280_Carolina Sports Medical Center_V21_reduced.pdf
2025-12-04 13:57	10961665	pdf	Contractors/SouthWood Corporations/Drawings/201280_OPTIONS_V2.pdf
2026-03-04 18:49	708988	pdf	Contractors/SouthWood Corporations/Drawings/21928_Carolina Sports Additional Scope Proposal.pdf
2026-02-10 16:21	1771569	pdf	Contractors/SouthWood Corporations/Drawings/21928_Carolina Sports Medicine_Additional Scope 2.10.26.pdf
2025-10-08 15:41	1280446	pdf	Contractors/SouthWood Corporations/Drawings/Interior Signage/ID1.0_ 1st Floor Finish Plan Rev.9_CD Markups 10.08.25.pdf
2025-10-28 17:03	1288987	pdf	Contractors/SouthWood Corporations/Drawings/Interior Signage/ID1.0_ 1st Floor Finish Plan Rev.9_CD Markups 10.28.25.pdf
2025-10-29 10:23	1286755	pdf	Contractors/SouthWood Corporations/Drawings/Interior Signage/ID1.0_ 1st Floor Finish Plan Rev.9_CD Markups 10.29.25.pdf
2025-10-08 15:41	1391319	pdf	Contractors/SouthWood Corporations/Drawings/Interior Signage/ID1.1_ 2nd Floor Finish Plan Rev.9_CD Markups 10.08.25.pdf
2025-10-28 16:57	1390983	pdf	Contractors/SouthWood Corporations/Drawings/Interior Signage/ID1.1_ 2nd Floor Finish Plan Rev.9_CD Markups 10.28.25.pdf
2025-10-29 10:23	1391168	pdf	Contractors/SouthWood Corporations/Drawings/Interior Signage/ID1.1_ 2nd Floor Finish Plan Rev.9_CD Markups 10.29.25.pdf
2025-09-16 11:54	97530	pdf	Contractors/SouthWood Corporations/Rea Park Lane 1031, LLC_Southwood Corporation_25-26 - Acord 25 MAIN NO _9-16-2025_1339620026.pdf
2026-04-13 14:25	1403104	pdf	Contractors/Southwood/21928_Carolina Sports Additional Scope Proposal V1_signed.pdf
2025-09-12 14:33	712518	pdf	Contractors/Southwood/Carolina Sports Medicine MOB1 Proposal 9.11.25.pdf
2025-09-15 10:20	1402539	pdf	Contractors/Southwood/Carolina Sports Medicine MOB1 Proposal 9.11.25_signed.pdf
2025-09-19 09:23	893302	pdf	Contractors/Southwood/Deposit Inv Carolina Sports Med Ctr - IN20530.pdf
2026-03-04 14:58	111052	pdf	Contractors/Specturm/Bill Pay _ Spectrum Business.pdf
2025-11-14 09:14	663698	pdf	Contractors/Specturm/RE_ [EXTERNAL] RE_ Spectrum Phone to lines.pdf
2026-03-04 15:05	1540706	pdf	Contractors/Specturm/Spectrum Bussiness Invoice_2.14.16.pdf
2026-03-26 09:17	65045	pdf	Contractors/The Pest Control Authority/The_Pest_Control_Authority__Commercial_Monthly_Service_6059.pdf
2026-07-16 09:15	41708	pdf	Contractors/Union Grove Lanscaping/Certificate.pdf
2026-04-07 11:51	35224	pdf	Contractors/Union Grove Lanscaping/COI.pdf
2026-01-20 13:00	1114414	pdf	Contractors/Union Grove Lanscaping/P26001 Rea Farms Maintenance Contract Agreement.pdf
2026-04-07 10:57	100551	pdf	Contractors/Union Grove Lanscaping/Taylor W-9.pdf
2025-07-14 16:45	463091	pdf	Contractors/Universal Voice & Data/02 - C Kimrey NC License 2026.pdf
2026-05-15 06:44	26912	pdf	Contractors/Universal Voice & Data/08.28.25 COR#1 Basket Tray Carolina Sports Medicine Center.pdf
2026-05-15 06:44	27875	pdf	Contractors/Universal Voice & Data/08.28.25 COR#2 R1.2 Site Changes Carolina Sports Medicine Center.pdf
2025-07-14 16:45	361804	pdf	Contractors/Universal Voice & Data/Contractor Info.pdf
2025-07-14 16:45	120031	pdf	Contractors/Universal Voice & Data/Master Cert 24-25 - Rea Park Lane 1031, LLC.pdf
2025-08-27 09:46	320000	msg	Contractors/Universal Voice & Data/RE CSMC MOB LV Proposal .msg
2025-08-08 19:19	101919	pdf	Contractors/Universal Voice & Data/Rea Farms Sports Medicine Placard.pdf
2025-08-27 09:44	4772626	pdf	Contractors/Universal Voice & Data/Rea Farms UVD Proposal.pdf
2025-07-14 16:45	164261	pdf	Contractors/Universal Voice & Data/UVD - Form W-9.pdf
2026-07-27 18:15	305665	xlsx	Contractors/USPS/Mail Box Key for CSMC.xlsx
2026-02-18 06:14	97748	pdf	Contractors/Warco/25-27724-Taylor_Capital_Marker_Boards-REVISED.pdf
2026-02-19 13:20	5780095	pdf	Contractors/Warco/COI - Taylor Capital, LLC - Taylor Capital Marker Boards Project.pdf
2026-01-07 11:03	1201498	png	Contractors/Warco/Gemini_Generated_Image_jy173fjy173fjy17_coaches board 2.png
2026-01-07 11:00	2377082	pdf	Contractors/Warco/Taylor Capital  - GMB - Shop Drawing_CD Markups.pdf
2026-02-19 13:20	112472	pdf	Contractors/Warco/Warco 2026 W-9.pdf
2026-05-29 17:05	5502604	pdf	Contractors/Warco/Warco Construction, Inc._Taylor Capital, LLC.pdf
2026-02-18 16:50	60219	pdf	Contractors/Waste Connections/Service Agreement.pdf
2026-02-18 17:22	66805	pdf	Contractors/Waste Connections/WasteServiceAgreement-REA PARK LANE 1031, LLC-2026-02-18-01901569.pdf
2025-01-24 13:14	661640	pdf	Contractors/XL Mediaworks, Inc/2024 XL Mediaworks Inc ACHWire Information Truist.pdf
2025-08-28 13:50	3722667	pdf	Contractors/XL Mediaworks, Inc/21053 - AV Drawings 8-28-25.pdf
2025-08-28 06:26	735177	pdf	Contractors/XL Mediaworks, Inc/Complete_with_Docusign_21053_-_XL_Contract_R.pdf
2026-02-02 23:07	154503	pdf	Contractors/XL Mediaworks, Inc/Quotes/21053 - Tech Update 1.pdf
2026-08-10 14:40	145095	pdf	Contractors/XL Mediaworks, Inc/Quotes/21283 - CSMC 2 Lobby.pdf
2026-02-27 10:27	141961	pdf	Contractors/XL Mediaworks, Inc/Quotes/21337 - Backboard Lights.pdf
2026-05-11 12:07	144404	pdf	Contractors/XL Mediaworks, Inc/Quotes/21398 - Locker Room 65.pdf
2026-06-09 12:06	143588	pdf	Contractors/XL Mediaworks, Inc/Quotes/21399 - Lobby Signage R2.pdf
2026-08-10 14:40	140358	pdf	Contractors/XL Mediaworks, Inc/Quotes/21485 - Clear Shot Clock.pdf
2026-08-10 14:39	140358	pdf	Contractors/XL Mediaworks, Inc/Quotes/21485 - Clear Shot Clock_approved.pdf
2026-08-10 14:40	148468	pdf	Contractors/XL Mediaworks, Inc/Quotes/21487 - Podcast AVl.pdf
2026-08-10 14:39	148468	pdf	Contractors/XL Mediaworks, Inc/Quotes/21487 - Podcast AVl_approved.pdf
2026-08-24 13:00	142270	pdf	Contractors/XL Mediaworks, Inc/Quotes/21495 - Acoustics.pdf
2026-07-08 13:19	235053	pdf	Contractors/XL Mediaworks, Inc/Quotes/Final Base quote.pdf
2025-01-24 13:14	42832	pdf	Contractors/XL Mediaworks, Inc/Rea Farms Sports - 21053 PSA INV# AR-3950.pdf
2025-01-24 13:14	159748	pdf	Contractors/XL Mediaworks, Inc/XL Mediaworks Inc. W-9 11_11_2024.pdf
2025-08-28 06:26	790765	pdf	Contractors/XL Mediaworks, Inc/XL-Rea Farms- Excuted Contract.pdf
2025-08-14 15:40	2557699	pdf	Cook & Boardman, LLC- Notice of Subscontract_8-14-25.pdf
2024-04-24 14:20	5745682	pdf	DD Documents/187 Acre Tract - Phase I ESA 1-13-14.pdf
2025-03-04 10:47	26411	pdf	DD Documents/Invoices/1023121 10.5 23 126817.pdf
2025-03-04 10:48	19469	pdf	DD Documents/Invoices/1023121 11.2.23 127592.pdf
2025-03-04 10:47	27883	pdf	DD Documents/Invoices/1023121 7.9.23 124589.pdf
2024-11-10 11:51	27128	pdf	DD Documents/Invoices/1023121 8.4.23 125366.pdf
2025-03-04 10:39	72172	pdf	DD Documents/Invoices/232108.20 Rea Farms Sports Facility GEO July 2023 Invoice.pdf
2025-03-04 10:40	71374	pdf	DD Documents/Invoices/232108.30 Rea Farms Sports Facility Ph I ESA July 2023 Invoice.pdf
2025-03-04 10:43	110596	pdf	DD Documents/Invoices/3155 Invoice.pdf
2025-03-04 10:44	217970	pdf	DD Documents/Invoices/3513 Invoice.pdf
2026-01-27 15:24	56315	docx	DD Documents/User Questionnaire for Phase I ESA - REA Farms Sports Facility Ph I.docx
2026-07-17 14:00	524288	pdf	Duke/Duke Bills_YTD 7-17-26.pdf
2024-05-23 13:44	1943502	pdf	Engagement Letter for Robinson, Bradshaw& Hinson, P.A._5-23-24.pdf
2024-07-14 08:10	163958	pdf	Final Agreement Letter For Rea Farms Soil Erosion and Grading Plans 7.12.24.pdf
2024-07-14 08:25	2219348	pdf	Final Agreement Letter For Rea Farms with Soil Erosion and Grading Plans 7.12.24.pdf
2024-07-12 16:57	55461	docx	FINAL LP LANIER LETTER FOR PSA AGREEMENT.docx
2025-05-01 10:52	1416659	pdf	FMK Architects/250429_RFSMC egress_exhibit B .pdf
2024-10-29 09:54	9912344	png	FMK Architects/CNSA Renderings/Final Render 1 - Front CNSA.png
2024-10-29 09:54	10456164	png	FMK Architects/CNSA Renderings/Final Render 2 - Entry CNSA.png
2024-10-29 09:54	12790750	png	FMK Architects/CNSA Renderings/Final Render 3 - Corner CNSA.png
2025-09-22 17:14	9912344	png	FMK Architects/Final Render 1 - Front CNSA.png
2024-04-24 14:20	163941	pdf	FMK Architects/FMK Architects - Invoice 2329-0124.pdf
2024-04-24 14:20	163926	pdf	FMK Architects/FMK Architects - Invoice 2329-0224.pdf
2024-04-24 14:20	163957	pdf	FMK Architects/FMK Architects - Invoice 2329-0324.pdf
2024-04-24 14:20	164442	pdf	FMK Architects/FMK Architects - Invoice 2329-1023.pdf
2024-04-24 14:20	163881	pdf	FMK Architects/FMK Architects - Invoice 2329-1223.pdf
2026-06-13 09:54	430209	pdf	FMK Architects/FMK Architects Contract.pdf
2026-06-13 09:55	561340	pdf	FMK Architects/Fully Executed FMK - Dormie Architect Agreement 11.21.23.pdf
2025-09-22 17:14	33159744	zip	FMK Architects/OneDrive_1_9-22-2025.zip
2025-05-01 10:52	45677	docx	FMK Architects/Rea Farms - Declaration of Emergency Egress Easement (00449764xC3C98).DOCX
2025-05-01 11:33	1834339	pdf	FMK Architects/Rea Farms - Declaration of Emergency Egress Easement (00449764xC3C98)_5-1-25.pdf
2025-05-02 14:58	401365	pdf	FMK Architects/Rea Farms - Declaration of Emergency Egress Easement (Recorded May 2, 2025, Bk 39558, Pg 278) (00450545xC3C98).PDF
2024-09-27 15:37	1016285	pdf	FMK Architects/scan_20240927143951.pdf
2026-06-13 09:59	37326	docx	FMK Architects/Settlement_Agreement_FMK_Dormie_REDLINE 6.13.26.docx
2024-04-24 14:19	561342	pdf	Fully Executed FMK - Dormie Architect Agreement 11.21.23.pdf
2026-06-29 15:16	212211	pdf	GC Closeouts/COwithRecap.pdf
2026-08-25 11:14	23721	xlsx	GC Closeouts/CSMC_Open_Warranty_Items_Tracker 08.25.26.xlsx
2026-07-07 08:45	793162310	pdf	GC Closeouts/Edifice/Core Shell As-Builts/Final Closeout Binder.pdf
2026-07-07 08:45	78662	pdf	GC Closeouts/Edifice/Core Shell As-Builts/Final Closeout Binder_Bookmarks(1).pdf
2026-02-24 14:34	20350946	pdf	GC Closeouts/Edifice/Core Shell As-Builts/HBE - Electrial As-Builts.pdf
2026-08-28 09:23	895664817	pdf	GC Closeouts/Edifice/Rea Farms Closeout Binder/Rea Farms Sports Medicine Closeout Binder.pdf
2026-08-28 09:23	89595	pdf	GC Closeouts/Edifice/Rea Farms Closeout Binder/Rea Farms Sports Medicine Closeout Binder_Bookmarks.pdf
2026-07-27 08:00	4106207	pdf	GC Closeouts/Edifice/SD_23121_2026-07-27_M16-R1 Mechanical TAB Report submittal by bc.pdf
2026-08-20 16:41	89462297	pdf	GC Closeouts/FMK Closeout/CD Record Set/250925_RFSMC_Combined permit set_rev14_RecordSet.pdf
2026-08-20 16:41	234397	dwg	GC Closeouts/FMK Closeout/DWG/Architectural/ReaFarms-CSMC-Sheet - A1-00a - Level 1 Edge of Slab Plan.dwg
2026-08-20 16:41	119494	dwg	GC Closeouts/FMK Closeout/DWG/Architectural/ReaFarms-CSMC-Sheet - A1-00b - Level 2 Edge of Slab Plan.dwg
2026-08-20 16:41	115103	dwg	GC Closeouts/FMK Closeout/DWG/Architectural/ReaFarms-CSMC-Sheet - A1-00c - Roof Edge of Slab Plan.dwg
2026-08-20 16:41	1884470	dwg	GC Closeouts/FMK Closeout/DWG/Architectural/ReaFarms-CSMC-Sheet - A1-01 - Level 1 Building Plan.dwg
2026-08-20 16:41	1647186	dwg	GC Closeouts/FMK Closeout/DWG/Architectural/ReaFarms-CSMC-Sheet - A1-02 - Level 2 Building Plan.dwg
2026-08-20 16:41	462989	dwg	GC Closeouts/FMK Closeout/DWG/Architectural/ReaFarms-CSMC-Sheet - A1-03 - Roof Plan.dwg
2026-08-20 16:41	834962	dwg	GC Closeouts/FMK Closeout/DWG/Architectural/ReaFarms-CSMC-Sheet - A3-01 - Reflected Ceiling Plan - First Floor.dwg
2026-08-20 16:41	798684	dwg	GC Closeouts/FMK Closeout/DWG/Architectural/ReaFarms-CSMC-Sheet - A3-02 - Reflected Ceiling Plan - Second Floor.dwg
2026-08-20 16:41	171447	dwg	GC Closeouts/FMK Closeout/DWG/Fire Protection/2329_Dormie-ReaFarms-MEP-FP0-01 - FIRE PROTECTION - GENERAL NOTES AND LEGEND.dwg
2026-08-20 16:41	691864	dwg	GC Closeouts/FMK Closeout/DWG/Fire Protection/2329_Dormie-ReaFarms-MEP-FP1-01 - FIRE PROTECTION - LEVEL 01.dwg
2026-08-20 16:41	714675	dwg	GC Closeouts/FMK Closeout/DWG/Fire Protection/2329_Dormie-ReaFarms-MEP-FP1-02 - FIRE PROTECTION - LEVEL 02.dwg
2026-08-20 16:41	170631	dwg	GC Closeouts/FMK Closeout/DWG/MEP/2329_Dormie-ReaFarms-MEP-E0-01 - ELECTRICAL - GENERAL NOTES AND LEGENDS.dwg
2026-08-20 16:41	270459	dwg	GC Closeouts/FMK Closeout/DWG/MEP/2329_Dormie-ReaFarms-MEP-E0-02 - ELECTRICAL - SITE PLAN.dwg
2026-08-20 16:41	2067121	dwg	GC Closeouts/FMK Closeout/DWG/MEP/2329_Dormie-ReaFarms-MEP-E1-01 - ELECTRICAL - LEVEL 01 - LIGHTING PLAN.dwg
2026-08-20 16:41	1800672	dwg	GC Closeouts/FMK Closeout/DWG/MEP/2329_Dormie-ReaFarms-MEP-E1-02 - ELECTRICAL - LEVEL 02 - LIGHTING PLAN.dwg
2026-08-20 16:41	1191416	dwg	GC Closeouts/FMK Closeout/DWG/MEP/2329_Dormie-ReaFarms-MEP-E2-01 - ELECTRICAL - LEVEL 01 - POWER PLAN.dwg
2026-08-20 16:41	1704320	dwg	GC Closeouts/FMK Closeout/DWG/MEP/2329_Dormie-ReaFarms-MEP-E2-02 - ELECTRICAL - LEVEL 02 - POWER PLAN.dwg
2026-08-20 16:41	289521	dwg	GC Closeouts/FMK Closeout/DWG/MEP/2329_Dormie-ReaFarms-MEP-E2-03 - ELECTRICAL - ROOF - POWER PLAN.dwg
2026-08-20 16:41	1619348	dwg	GC Closeouts/FMK Closeout/DWG/MEP/2329_Dormie-ReaFarms-MEP-E3-01 - ELECTRICAL - LEVEL 01 - SYSTEMS PLAN.dwg
2026-08-20 16:41	1181281	dwg	GC Closeouts/FMK Closeout/DWG/MEP/2329_Dormie-ReaFarms-MEP-E3-02 - ELECTRICAL - LEVEL 02 - SYSTEMS PLAN.dwg
2026-08-20 16:41	250517	dwg	GC Closeouts/FMK Closeout/DWG/MEP/2329_Dormie-ReaFarms-MEP-E5-01 - ELECTRICAL - ENLARGED PLANS.dwg
2026-08-20 16:41	178336	dwg	GC Closeouts/FMK Closeout/DWG/MEP/2329_Dormie-ReaFarms-MEP-E5-02 - ELECTRICAL - RISER DIAGRAMS.dwg
2026-08-20 16:41	140406	dwg	GC Closeouts/FMK Closeout/DWG/MEP/2329_Dormie-ReaFarms-MEP-E6-01 - ELECTRICAL - LIGHTING FIXTURE SCHEDULE.dwg
2026-08-20 16:41	182850	dwg	GC Closeouts/FMK Closeout/DWG/MEP/2329_Dormie-ReaFarms-MEP-E6-02 - ELECTRICAL - EQUIPMENT SCHEDULE.dwg
2026-08-20 16:41	282986	dwg	GC Closeouts/FMK Closeout/DWG/MEP/2329_Dormie-ReaFarms-MEP-E6-03 - ELECTRICAL - PANEL SCHEDULES.dwg
2026-08-20 16:41	254346	dwg	GC Closeouts/FMK Closeout/DWG/MEP/2329_Dormie-ReaFarms-MEP-E6-04 - ELECTRICAL - PANEL SCHEDULES.dwg
2026-08-20 16:41	276664	dwg	GC Closeouts/FMK Closeout/DWG/MEP/2329_Dormie-ReaFarms-MEP-E6-05 - ELECTRICAL - PANEL SCHEDULES.dwg
2026-08-20 16:41	144705	dwg	GC Closeouts/FMK Closeout/DWG/MEP/2329_Dormie-ReaFarms-MEP-M0-01 - MECHANICAL - GENERAL NOTES AND LEGENDS.dwg
2026-08-20 16:41	1850875	dwg	GC Closeouts/FMK Closeout/DWG/MEP/2329_Dormie-ReaFarms-MEP-M2-01 - MECHANICAL - LEVEL 1 - HVAC PLAN.dwg
2026-08-20 16:42	1543133	dwg	GC Closeouts/FMK Closeout/DWG/MEP/2329_Dormie-ReaFarms-MEP-M2-02 - MECHANICAL - LEVEL 2 - HVAC PLAN.dwg
2026-08-20 16:42	286829	dwg	GC Closeouts/FMK Closeout/DWG/MEP/2329_Dormie-ReaFarms-MEP-M2-03 - MECHANICAL - ROOF - HVAC PLAN.dwg
2026-08-20 16:42	2646969	dwg	GC Closeouts/FMK Closeout/DWG/MEP/2329_Dormie-ReaFarms-MEP-M4-01 - MECHANICAL - SECTION VIEWS.dwg
2026-08-20 16:42	106793	dwg	GC Closeouts/FMK Closeout/DWG/MEP/2329_Dormie-ReaFarms-MEP-M5-01 - MECHANICAL - CONTROLS.dwg
2026-08-20 16:42	138566	dwg	GC Closeouts/FMK Closeout/DWG/MEP/2329_Dormie-ReaFarms-MEP-M5-02 - MECHANICAL - CONTROLS.dwg
2026-08-20 16:42	163631	dwg	GC Closeouts/FMK Closeout/DWG/MEP/2329_Dormie-ReaFarms-MEP-M6-01 - MECHANICAL - SCHEDULES.dwg
2026-08-20 16:42	132724	dwg	GC Closeouts/FMK Closeout/DWG/MEP/2329_Dormie-ReaFarms-MEP-M6-02 - MECHANICAL - SCHEDULES.dwg
2026-08-20 16:42	77197	dwg	GC Closeouts/FMK Closeout/DWG/MEP/2329_Dormie-ReaFarms-MEP-M6-03 - MECHANICAL - OUTDOOR AIR TABLES.dwg
2026-08-20 16:42	233620	dwg	GC Closeouts/FMK Closeout/DWG/MEP/2329_Dormie-ReaFarms-MEP-M7-01 - MECHANICAL - DETAILS.dwg
2026-08-20 16:42	216492	dwg	GC Closeouts/FMK Closeout/DWG/MEP/2329_Dormie-ReaFarms-MEP-M7-02 - MECHANICAL - DETAILS.dwg
2026-08-20 16:42	160689	dwg	GC Closeouts/FMK Closeout/DWG/MEP/2329_Dormie-ReaFarms-MEP-P0-01 - PLUMBING - GENERAL NOTES, SCHEDULES AND LEGENDS.dwg
2026-08-20 16:42	1275647	dwg	GC Closeouts/FMK Closeout/DWG/MEP/2329_Dormie-ReaFarms-MEP-P1-01 - PLUMBING - LEVEL 01 - WASTE AND VENT PLAN.dwg
2026-08-20 16:42	711220	dwg	GC Closeouts/FMK Closeout/DWG/MEP/2329_Dormie-ReaFarms-MEP-P1-02 - PLUMBING - LEVEL 02 - WASTE AND VENT PLAN.dwg
2026-08-20 16:42	1419299	dwg	GC Closeouts/FMK Closeout/DWG/MEP/2329_Dormie-ReaFarms-MEP-P2-01 - PLUMBING - LEVEL 01 - WATER AND GAS PLAN.dwg
2026-08-20 16:42	672770	dwg	GC Closeouts/FMK Closeout/DWG/MEP/2329_Dormie-ReaFarms-MEP-P2-02 - PLUMBING - LEVEL 02 - WATER AND GAS PLAN.dwg
2026-08-20 16:42	658869	dwg	GC Closeouts/FMK Closeout/DWG/MEP/2329_Dormie-ReaFarms-MEP-P3-00 - PLUMBING - BELOW GRADE - STORM PLAN.dwg
2026-08-20 16:42	1374408	dwg	GC Closeouts/FMK Closeout/DWG/MEP/2329_Dormie-ReaFarms-MEP-P3-01 - PLUMBING - LEVEL 01 - STORM PLAN.dwg
2026-08-20 16:42	705300	dwg	GC Closeouts/FMK Closeout/DWG/MEP/2329_Dormie-ReaFarms-MEP-P3-02 - PLUMBING - LEVEL 02 - STORM PLAN.dwg
2026-08-20 16:42	365206	dwg	GC Closeouts/FMK Closeout/DWG/MEP/2329_Dormie-ReaFarms-MEP-P3-03 - PLUMBING - ROOF - STORM PLAN.dwg
2026-08-20 16:42	676987	dwg	GC Closeouts/FMK Closeout/DWG/MEP/2329_Dormie-ReaFarms-MEP-P4-01 - PLUMBING - ENLARGED WASTE AND VENT PLANS.dwg
2026-08-20 16:42	626263	dwg	GC Closeouts/FMK Closeout/DWG/MEP/2329_Dormie-ReaFarms-MEP-P4-02 - PLUMBING - ENLARGED WATER AND GAS  PLANS.dwg
2026-08-20 16:42	822243	dwg	GC Closeouts/FMK Closeout/DWG/MEP/2329_Dormie-ReaFarms-MEP-P5-01 - PLUMBING - WASTE AND VENT RISER DIAGRAM EAST.dwg
2026-08-20 16:42	1369623	dwg	GC Closeouts/FMK Closeout/DWG/MEP/2329_Dormie-ReaFarms-MEP-P5-02 - PLUMBING - WASTE AND VENT RISER DIAGRAM WEST.dwg
2026-08-20 16:42	583086	dwg	GC Closeouts/FMK Closeout/DWG/MEP/2329_Dormie-ReaFarms-MEP-P5-03 - PLUMBING - WATER RISER DIAGRAM EAST.dwg
2026-08-20 16:42	1381841	dwg	GC Closeouts/FMK Closeout/DWG/MEP/2329_Dormie-ReaFarms-MEP-P5-04 - PLUMBING - WATER RISER DIAGRAM WEST.dwg
2026-08-20 16:42	104009	dwg	GC Closeouts/FMK Closeout/DWG/MEP/2329_Dormie-ReaFarms-MEP-P5-05 - PLUMBING - GAS RISER DIAGRAM.dwg
2026-08-20 16:42	202878	dwg	GC Closeouts/FMK Closeout/DWG/MEP/2329_Dormie-ReaFarms-MEP-P5-06 - PLUMBING - STORM RISER DIAGRAM.dwg
2026-08-20 16:42	240765	dwg	GC Closeouts/FMK Closeout/DWG/MEP/2329_Dormie-ReaFarms-MEP-P7-01 - PLUMBING - DETAILS.dwg
2026-08-20 16:42	204872	dwg	GC Closeouts/FMK Closeout/DWG/MEP/2329_Dormie-ReaFarms-MEP-P7-02 - PLUMBING - DETAILS.dwg
2026-08-20 16:42	223633	jpg	GC Closeouts/FMK Closeout/DWG/MEP/2329_Dormie-ReaFarms-MEP-R2023_mlawler9WRNA-AHU-1OATable-4354922.jpg
2026-08-20 16:42	179195	jpg	GC Closeouts/FMK Closeout/DWG/MEP/2329_Dormie-ReaFarms-MEP-R2023_mlawler9WRNA-DOAS-1OATable-4609883.jpg
2026-08-20 16:42	255062	jpg	GC Closeouts/FMK Closeout/DWG/MEP/2329_Dormie-ReaFarms-MEP-R2023_mlawler9WRNA-RTU-1-1OATable-4354901.jpg
2026-08-20 16:42	310318	jpg	GC Closeouts/FMK Closeout/DWG/MEP/2329_Dormie-ReaFarms-MEP-R2023_mlawler9WRNA-RTU-1-2OATable-4354904.jpg
2026-08-20 16:42	211685	jpg	GC Closeouts/FMK Closeout/DWG/MEP/2329_Dormie-ReaFarms-MEP-R2023_mlawler9WRNA-RTU-1-3OATable-4354907.jpg
2026-08-20 16:42	260867	jpg	GC Closeouts/FMK Closeout/DWG/MEP/2329_Dormie-ReaFarms-MEP-R2023_mlawler9WRNA-RTU-2-1OATable-4354910.jpg
2026-08-20 16:42	282260	jpg	GC Closeouts/FMK Closeout/DWG/MEP/2329_Dormie-ReaFarms-MEP-R2023_mlawler9WRNA-RTU-2-2OATable-4354913.jpg
2026-08-20 16:42	219751	jpg	GC Closeouts/FMK Closeout/DWG/MEP/2329_Dormie-ReaFarms-MEP-R2023_mlawler9WRNA-RTU-2-3OATable-4354916.jpg
2026-08-20 16:42	233997	jpg	GC Closeouts/FMK Closeout/DWG/MEP/2329_Dormie-ReaFarms-MEP-R2023_mlawler9WRNA-RTU-3-1OATable-4609888.jpg
2026-08-20 16:42	81500	pdf	GC Closeouts/FMK Closeout/Special Inspections/DSI Letter Signed.pdf
2026-08-20 16:42	109174	pdf	GC Closeouts/FMK Closeout/Special Inspections/Non-compliance Log.pdf
2026-08-20 16:42	86136	pdf	GC Closeouts/FMK Closeout/Special Inspections/RDPIRC Letter_signed.pdf
2026-02-23 11:16	19987	xlsx	Grand Opening/GO - Investor List.xlsx
2025-01-20 10:42	447999	pdf	Insurance/20250107 - Rea Farms MOB II Deliverable.pdf
2026-04-13 09:44	1729927	pdf	Keying/CSMC Key Schedule Floorplan.pdf
2026-04-13 09:32	1580582	pdf	Keying/CSMC Key Schedule Floorplan_Original Scan.pdf
2026-04-27 14:55	2116689	pdf	Liens NC/Howard Brothers Electricof Charlotte, LLC- Notice of Subcontract.pdf
2026-01-07 10:31	141669	pdf	Meeting Minutes/01.06.26 - CSMC Meeting Minutes 105.pdf
2026-01-07 10:30	226025	xlsx	Meeting Minutes/01.06.26- CSMC Meeting Minutes 105.xlsx
2026-01-13 11:07	227097	xlsx	Meeting Minutes/01.13.26- CSMC Meeting Minutes 106.xlsx
2026-01-27 09:59	225892	xlsx	Meeting Minutes/01.20.26- CSMC Meeting Minutes 107.xlsx
2026-01-27 13:07	138748	pdf	Meeting Minutes/01.27.26- CSMC Meeting Minutes 108.pdf
2026-01-27 13:08	223033	xlsx	Meeting Minutes/01.27.26- CSMC Meeting Minutes 108.xlsx
2026-02-10 09:39	223887	xlsx	Meeting Minutes/02.10.26- CSMC Meeting Minutes 110.xlsx
2026-02-17 09:51	224074	xlsx	Meeting Minutes/02.17.26- CSMC Meeting Minutes 111.xlsx
2026-02-03 12:11	223483	xlsx	Meeting Minutes/02.23.26- CSMC Meeting Minutes 109.xlsx
2026-03-03 09:23	223096	xlsx	Meeting Minutes/02.24.26- CSMC Meeting Minutes 112.xlsx
2026-03-04 14:12	223064	xlsx	Meeting Minutes/03.03.26 CSMC Meeting Minutes 112.xlsx
2026-03-11 11:42	219376	xlsx	Meeting Minutes/03.10.26 CSMC Meeting Minutes 114.xlsx
2025-07-22 10:06	24277	docx	Meeting Minutes/07.22.25 - CSMC Meeting Minutes.docx
2025-07-31 08:59	141727	pdf	Meeting Minutes/07.29.25 - CSMC Meeting Minutes 82.pdf
2025-07-29 10:01	25963	docx	Meeting Minutes/07.29.25 - CSMC Meeting Minutes.docx
2025-08-12 08:20	144631	pdf	Meeting Minutes/08.05.25 - CSMC Meeting Minutes 83.pdf
2025-08-12 08:21	528894	xlsx	Meeting Minutes/08.05.25 - CSMC Meeting Minutes.xlsx
2025-08-18 16:58	144248	pdf	Meeting Minutes/08.12.25 - CSMC Meeting Minutes 84.pdf
2025-08-18 16:59	223874	xlsx	Meeting Minutes/08.12.25 - CSMC Meeting Minutes 84.xlsx
2025-08-25 10:17	146536	pdf	Meeting Minutes/08.19.25 - CSMC Meeting Minutes 85.pdf
2025-08-25 16:41	229839	xlsx	Meeting Minutes/08.19.25 - CSMC Meeting Minutes 85.xlsx
2025-08-28 16:53	146478	pdf	Meeting Minutes/08.26.25 - CSMC Meeting Minutes 86.pdf
2025-08-28 16:52	230806	xlsx	Meeting Minutes/08.26.25 - CSMC Meeting Minutes 86.xlsx
2025-09-08 15:15	146454	pdf	Meeting Minutes/09.02.25 - CSMC Meeting Minutes 87.pdf
2025-09-08 15:15	228833	xlsx	Meeting Minutes/09.02.25 - CSMC Meeting Minutes 87.xlsx
2025-09-15 12:11	149975	pdf	Meeting Minutes/09.09.25 - CSMC Meeting Minutes 88.pdf
2025-09-19 12:47	230765	xlsx	Meeting Minutes/09.09.25 - CSMC Meeting Minutes 88.xlsx
2025-09-22 16:14	145368	pdf	Meeting Minutes/09.16.25 - CSMC Meeting Minutes 89.pdf
2025-09-22 16:14	227967	xlsx	Meeting Minutes/09.16.25 - CSMC Meeting Minutes 89.xlsx
2025-09-26 11:42	145515	pdf	Meeting Minutes/09.23.25 - CSMC Meeting Minutes 90.pdf
2025-09-26 11:42	227601	xlsx	Meeting Minutes/09.23.25 - CSMC Meeting Minutes 90.xlsx
2025-10-06 15:53	146105	pdf	Meeting Minutes/09.30.25 - CSMC Meeting Minutes 91.pdf
2025-10-06 15:52	230302	xlsx	Meeting Minutes/09.30.25 - CSMC Meeting Minutes 91.xlsx
2025-10-10 13:42	147650	pdf	Meeting Minutes/10.07.25 - CSMC Meeting Minutes 92.pdf
2025-10-10 13:42	228953	xlsx	Meeting Minutes/10.07.25 - CSMC Meeting Minutes 92.xlsx
2025-10-20 15:27	148248	pdf	Meeting Minutes/10.14.25 - CSMC Meeting Minutes 93.pdf
2025-10-20 15:27	229002	xlsx	Meeting Minutes/10.14.25 - CSMC Meeting Minutes 93.xlsx
2025-10-23 16:53	147092	pdf	Meeting Minutes/10.21.25 - CSMC Meeting Minutes 94.pdf
2025-10-23 16:53	228892	xlsx	Meeting Minutes/10.21.25 - CSMC Meeting Minutes 94.xlsx
2025-11-03 15:49	142943	pdf	Meeting Minutes/10.28.25 - CSMC Meeting Minutes 95.pdf
2025-11-03 15:49	225907	xlsx	Meeting Minutes/10.28.25 - CSMC Meeting Minutes 95.xlsx
2025-11-10 11:08	142548	pdf	Meeting Minutes/11.04.25 - CSMC Meeting Minutes 96.pdf
2025-11-10 11:08	225447	xlsx	Meeting Minutes/11.04.25 - CSMC Meeting Minutes 96.xlsx
2025-11-17 11:23	142432	pdf	Meeting Minutes/11.11.25 - CSMC Meeting Minutes 97.pdf
2025-11-17 11:23	228330	xlsx	Meeting Minutes/11.11.25 - CSMC Meeting Minutes 97.xlsx
2025-11-21 15:18	142494	pdf	Meeting Minutes/11.18.25 - CSMC Meeting Minutes 98.pdf
2025-11-21 15:19	226129	xlsx	Meeting Minutes/11.18.25 - CSMC Meeting Minutes 98.xlsx
2025-11-25 10:31	227297	xlsx	Meeting Minutes/11.25.25 - CSMC Meeting Minutes 99.xlsx
2025-12-08 16:23	143930	pdf	Meeting Minutes/12.02.25 - CSMC Meeting Minutes 100.pdf
2025-12-08 16:22	229031	xlsx	Meeting Minutes/12.02.25 - CSMC Meeting Minutes 100.xlsx
2025-12-09 22:07	143034	pdf	Meeting Minutes/12.09.25- CSMC Meeting Minutes 101.pdf
2025-12-09 22:08	225549	xlsx	Meeting Minutes/12.09.25- CSMC Meeting Minutes 101.xlsx
2025-12-22 14:47	142383	pdf	Meeting Minutes/12.16.25- CSMC Meeting Minutes 102.pdf
2025-12-22 14:47	225980	xlsx	Meeting Minutes/12.16.25- CSMC Meeting Minutes 102.xlsx
2025-12-29 15:33	141777	pdf	Meeting Minutes/12.23.25- CSMC Meeting Minutes 103.pdf
2025-12-29 15:33	225471	xlsx	Meeting Minutes/12.23.25- CSMC Meeting Minutes 103.xlsx
2025-12-30 13:15	143597	pdf	Meeting Minutes/12.30.25- CSMC Meeting Minutes 104.pdf
2025-12-30 13:16	226144	xlsx	Meeting Minutes/12.30.25- CSMC Meeting Minutes 104.xlsx
2025-07-31 08:59	527704	xlsx	Meeting Minutes/7.28.25 - CSMC Meeting Minutes.xlsx
2026-05-11 10:22	308792	docx	Monthly Pay App Reports/Taylor Capital - Carolina Sports Medicine Center - Monthly Field Report - April 2026.docx
2026-05-11 10:23	1883030	pdf	Monthly Pay App Reports/Taylor Capital - Carolina Sports Medicine Center - Monthly Field Report - April 2026.pdf
2025-09-15 11:05	322796	docx	Monthly Pay App Reports/Taylor Capital - Carolina Sports Medicine Center - Monthly Field Report - August 2025.docx
2025-09-15 11:03	926578	pdf	Monthly Pay App Reports/Taylor Capital - Carolina Sports Medicine Center - Monthly Field Report - August 2025.pdf
2026-01-26 13:41	3763325	docx	Monthly Pay App Reports/Taylor Capital - Carolina Sports Medicine Center - Monthly Field Report - December 2025.docx
2026-01-26 13:42	13440148	pdf	Monthly Pay App Reports/Taylor Capital - Carolina Sports Medicine Center - Monthly Field Report - December 2025.pdf
2026-03-18 11:32	4242929	docx	Monthly Pay App Reports/Taylor Capital - Carolina Sports Medicine Center - Monthly Field Report - February 2026.docx
2026-03-18 11:33	14870611	pdf	Monthly Pay App Reports/Taylor Capital - Carolina Sports Medicine Center - Monthly Field Report - February 2026.pdf
2026-02-16 12:59	3823710	docx	Monthly Pay App Reports/Taylor Capital - Carolina Sports Medicine Center - Monthly Field Report - January 2026.docx
2026-02-16 12:41	14445088	pdf	Monthly Pay App Reports/Taylor Capital - Carolina Sports Medicine Center - Monthly Field Report - January 2026.pdf
2026-04-14 11:17	2220556	docx	Monthly Pay App Reports/Taylor Capital - Carolina Sports Medicine Center - Monthly Field Report - March 2026.docx
2026-04-14 11:18	7964920	pdf	Monthly Pay App Reports/Taylor Capital - Carolina Sports Medicine Center - Monthly Field Report - March 2026.pdf
2025-12-11 11:42	4088442	docx	Monthly Pay App Reports/Taylor Capital - Carolina Sports Medicine Center - Monthly Field Report - November 2025.docx
2025-12-11 11:42	14310637	pdf	Monthly Pay App Reports/Taylor Capital - Carolina Sports Medicine Center - Monthly Field Report - November 2025.pdf
2025-11-12 14:12	4412143	docx	Monthly Pay App Reports/Taylor Capital - Carolina Sports Medicine Center - Monthly Field Report - October 2025.docx
2025-11-10 17:12	14946372	pdf	Monthly Pay App Reports/Taylor Capital - Carolina Sports Medicine Center - Monthly Field Report - October 2025.pdf
2025-10-09 14:57	3862248	docx	Monthly Pay App Reports/Taylor Capital - Carolina Sports Medicine Center - Monthly Field Report - September 2025.docx
2025-10-09 14:58	12445054	pdf	Monthly Pay App Reports/Taylor Capital - Carolina Sports Medicine Center - Monthly Field Report - September 2025.pdf
2026-04-24 12:01	2119859	pdf	Notice of Subcontractor - Howard Borthers Electric of Charlotte, LLC.pdf
2026-01-30 13:06	657598	jpg	Pics/01.26.26/Basketball_Court_01.jpg
2026-02-02 10:25	2837861	jpg	Pics/01.26.26/CSMC_Exterior_Day_Blue_Light_v1.jpg
2026-02-02 10:27	2857814	jpg	Pics/01.26.26/CSMC_Exterior_Day_Blue_Light_v2.jpg
2026-01-26 13:16	2398479	jpeg	Pics/01.26.26/IMG_6731.jpeg
2026-01-26 13:16	2827193	jpeg	Pics/01.26.26/IMG_6732.jpeg
2026-01-26 13:16	3227330	jpeg	Pics/01.26.26/IMG_6733.jpeg
2026-01-26 13:16	3027621	jpeg	Pics/01.26.26/IMG_6734.jpeg
2026-01-26 13:16	4010277	jpeg	Pics/01.26.26/IMG_6743.jpeg
2026-01-26 13:16	2303019	jpeg	Pics/01.26.26/IMG_6745.jpeg
2026-01-26 13:17	2787543	jpeg	Pics/01.26.26/IMG_7051.jpeg
2026-01-26 13:17	2897451	jpeg	Pics/01.26.26/IMG_7055.jpeg
2026-01-26 13:17	2216650	jpeg	Pics/01.26.26/IMG_7059.jpeg
2026-01-26 13:17	3291044	jpeg	Pics/01.26.26/IMG_7086.jpeg
2026-01-26 13:17	2931197	jpeg	Pics/01.26.26/IMG_7160.jpeg
2026-01-26 13:17	2594336	jpeg	Pics/01.26.26/IMG_7197.jpeg
2026-01-26 13:17	2487125	jpeg	Pics/01.26.26/IMG_7203.jpeg
2026-01-26 13:18	2672067	jpeg	Pics/01.26.26/IMG_7245.jpeg
2026-01-26 13:18	2841459	jpeg	Pics/01.26.26/IMG_7247.jpeg
2026-01-26 13:18	2193564	jpeg	Pics/01.26.26/IMG_7256.jpeg
2026-01-26 13:18	2856476	jpeg	Pics/01.26.26/IMG_7351.jpeg
2026-02-04 10:32	746075	jpg	Pics/01.26.26/Main_Entrance.jpg
2026-02-02 10:22	585136	jpg	Pics/01.26.26/Rea_Farms_RBG_Exterior.jpg
2026-02-04 11:10	2915858	jpg	Pics/01.26.26/RF1 Main Entrance Finished.jpg
2026-02-16 12:06	897605	jpeg	Pics/02.16.26/IMG_8044.JPEG
2026-02-16 12:06	750923	jpeg	Pics/02.16.26/IMG_8047.JPEG
2026-02-16 12:06	922038	jpeg	Pics/02.16.26/IMG_8101.JPEG
2026-02-16 12:06	1031915	jpeg	Pics/02.16.26/IMG_8106.JPEG
2026-02-16 12:06	1071905	jpeg	Pics/02.16.26/IMG_8144.JPEG
2026-02-16 12:06	731045	jpeg	Pics/02.16.26/IMG_8146.JPEG
2026-02-16 12:06	1119902	jpeg	Pics/02.16.26/IMG_8153.JPEG
2026-02-16 12:06	977573	jpeg	Pics/02.16.26/IMG_8174.JPEG
2026-02-16 12:06	986169	jpeg	Pics/02.16.26/IMG_8181.JPEG
2026-02-16 12:06	1028524	jpeg	Pics/02.16.26/IMG_8183.JPEG
2026-02-16 12:06	975652	jpeg	Pics/02.16.26/IMG_8192.JPEG
2026-02-16 12:06	1016194	jpeg	Pics/02.16.26/IMG_8194.JPEG
2026-02-16 12:06	979948	jpeg	Pics/02.16.26/IMG_8202.JPEG
2026-02-16 12:06	1208925	jpeg	Pics/02.16.26/IMG_8449.JPEG
2026-03-18 11:14	4900555	jpeg	Pics/03.18.26/IMG_8597.jpeg
2026-03-18 11:14	4138404	jpeg	Pics/03.18.26/IMG_8662.jpeg
2026-03-18 11:14	2973801	jpeg	Pics/03.18.26/IMG_8885.jpeg
2026-03-18 11:14	3012951	jpeg	Pics/03.18.26/IMG_8888.jpeg
2026-03-18 11:14	2950883	jpeg	Pics/03.18.26/IMG_8901.jpeg
2026-03-18 11:14	3232077	jpeg	Pics/03.18.26/IMG_8903.jpeg
2026-03-18 11:14	2856280	jpeg	Pics/03.18.26/IMG_8929.jpeg
2026-07-14 10:17	2350402	png	Pics/04.14.26/ChatGPT Image Jul 14, 2026, 10_17_34 AM.png
2026-04-14 11:15	3165566	jpeg	Pics/04.14.26/IMG_9617.jpeg
2026-04-14 11:15	2938759	jpeg	Pics/04.14.26/IMG_9619.jpeg
2026-04-14 11:15	3298556	jpeg	Pics/04.14.26/IMG_9620.jpeg
2026-04-14 11:15	2821461	jpeg	Pics/04.14.26/IMG_9622.jpeg
2026-04-29 16:23	68752	jpg	Pics/04.14.26/unnamed (1).jpg
2026-04-29 16:23	55744	jpg	Pics/04.14.26/unnamed (2).jpg
2026-04-29 16:23	67966	jpg	Pics/04.14.26/unnamed (3).jpg
2026-04-29 16:23	56457	jpg	Pics/04.14.26/unnamed.jpg
2025-11-05 08:41	26170216	zip	Pics/10.09.25/10.9.25 RF Progress Photos.zip
2025-10-09 14:50	4291376	jpeg	Pics/10.09.25/IMG_5188.jpeg
2025-10-09 14:50	2892267	jpeg	Pics/10.09.25/IMG_5377.jpeg
2025-10-09 14:50	3329675	jpeg	Pics/10.09.25/IMG_5379.jpeg
2025-10-09 14:50	3299389	jpeg	Pics/10.09.25/IMG_5473.jpeg
2025-10-09 14:50	3085313	jpeg	Pics/10.09.25/IMG_5484.jpeg
2025-10-09 14:50	2882597	jpeg	Pics/10.09.25/IMG_5496.jpeg
2025-10-09 14:50	3856638	jpeg	Pics/10.09.25/IMG_5619.jpeg
2025-10-09 14:55	2556047	jpeg	Pics/10.09.25/IMG_5620.jpeg
2025-11-10 17:00	2626455	jpeg	Pics/11.10.25/IMG_4005.jpeg
2025-11-10 17:00	2882597	jpeg	Pics/11.10.25/IMG_5496.jpeg
2025-11-10 17:00	3045516	jpeg	Pics/11.10.25/IMG_5642.jpeg
2025-11-10 17:03	2862337	jpeg	Pics/11.10.25/IMG_5786.jpeg
2025-11-10 17:03	2924700	jpeg	Pics/11.10.25/IMG_5789.jpeg
2025-11-10 17:03	2817856	jpeg	Pics/11.10.25/IMG_5790.jpeg
2025-11-10 17:03	2346770	jpeg	Pics/11.10.25/IMG_5797.jpeg
2025-11-10 17:03	4448001	jpeg	Pics/11.10.25/IMG_5814.jpeg
2025-11-10 17:00	2130269	jpeg	Pics/11.10.25/IMG_5925.jpeg
2025-11-10 17:00	2847884	jpeg	Pics/11.10.25/IMG_5943.jpeg
2025-11-10 17:02	2243199	jpeg	Pics/11.10.25/IMG_5947.jpeg
2025-11-10 17:02	2630995	jpeg	Pics/11.10.25/IMG_6001.jpeg
2025-11-10 17:00	3231151	jpeg	Pics/11.10.25/IMG_6023.jpeg
2025-11-10 17:01	3686104	jpeg	Pics/11.10.25/IMG_6051.jpeg
2025-12-11 11:33	1947284	jpeg	Pics/12.11.25/IMG_6374.jpeg
2025-12-11 11:33	3267203	jpeg	Pics/12.11.25/IMG_6401.jpeg
2025-12-11 11:33	3392750	jpeg	Pics/12.11.25/IMG_6500.jpeg
2025-12-11 11:33	2942587	jpeg	Pics/12.11.25/IMG_6539.jpeg
2025-12-11 11:33	2856260	jpeg	Pics/12.11.25/IMG_6581.jpeg
2025-12-11 11:33	2199915	jpeg	Pics/12.11.25/IMG_6582.jpeg
2025-12-11 11:33	3766741	jpeg	Pics/12.11.25/IMG_6626.jpeg
2025-12-11 11:37	3227330	jpeg	Pics/12.11.25/IMG_6733.jpeg
2025-12-11 11:33	1903203	jpeg	Pics/12.11.25/IMG_6737.jpeg
2025-12-11 11:33	2303019	jpeg	Pics/12.11.25/IMG_6745.jpeg
2026-02-05 14:46	505735	jpg	Pics/2.5.2026/7a5f1c4a-5d2c-4820-8e25-45d65d1c2c7c.jpg
2026-02-05 14:11	604838	jpg	Pics/2.5.2026/Center_Court_Image_02.jpg
2026-02-05 14:12	2812920	jpg	Pics/2.5.2026/Clear_Center_Court_Wide_View.jpg
2026-02-05 14:07	2702601	jpg	Pics/2.5.2026/Court_Viewing_Clear_01.jpg
2026-02-06 11:18	3044775	jpg	Pics/2.5.2026/CSMC_Main_Entrance.jpg
2026-02-06 10:40	3919029	jpg	Pics/2.5.2026/CSMC_Signage_01.jpg
2026-02-05 14:47	532534	jpg	Pics/2.5.2026/Front angle.jpg
2026-07-14 11:55	2539160	jpg	Pics/2.5.2026/Gemini_Generated_Image_1yholv1yholv1yho.jpg
2026-02-05 14:05	470741	jpg	Pics/2.5.2026/Kitchen_Image_01.jpg
2026-02-05 14:05	464977	jpg	Pics/2.5.2026/Kitchen_Image_02.jpg
2026-02-05 15:11	1352724	png	Pics/2.5.2026/Park_Side_Corner_Entrance.png
2026-02-05 14:47	921788	jpg	Pics/2.5.2026/Signage_01.jpg
2026-02-05 13:54	2973947	jpg	Pics/2.5.2026/Upper_Court_View_L_to_R.jpg
2026-02-05 13:57	3111512	jpg	Pics/2.5.2026/Upper_Court_View_R_to_L.jpg
2026-02-05 14:05	633803	jpg	Pics/2.5.2026/Viewing_Area_01.jpg
2026-02-05 14:10	628081	jpg	Pics/2.5.2026/Wide_Center_Court_01.jpg
2024-08-12 17:27	2450814	pdf	Pics/240726_RFSMC_RevisedPlans.pdf
2025-09-19 16:52	19790131	pdf	Pics/240925_ReaFarms Interiors Visioning-FMK-reduced (003).pdf
2025-01-24 10:02	33857565		Pics/attachment1737730919979
2024-04-24 14:20	15930530	tif	Pics/CAM 1.1.TIF
2024-04-24 14:20	858131	jpg	Pics/CAM 2.1.jpg
2026-01-28 14:01	667017	jpg	Pics/Court_to_Viewing_Area.jpg
2026-01-28 14:11	3302985	jpg	Pics/Court_View_Gemini.jpg
2025-09-09 15:54	1188210	png	Pics/CSMC - Progress Photos 09.09 East Side of the Buidling.png
2025-09-09 15:55	1176449	png	Pics/CSMC - Progress Photos 09.09 East Side of the Building.png
2025-09-09 15:52	1040768	png	Pics/CSMC - Progress Photos 09.09 Front Entrance.png
2025-09-09 15:55	1281582	png	Pics/CSMC - Progress Photos 09.09 South EAst Entrance.png
2025-09-09 15:55	1224192	png	Pics/CSMC - Progress Photos 09.09. South Side of the Building.png
2025-09-09 16:02	1137279	png	Pics/CSMC - Progress Photos 09.09. Training Court Entrance.png
2025-09-09 15:57	1039549	png	Pics/CSMC - Progress Photos 09.09.Front Entrance Overview.png
2025-09-09 15:56	1216474	png	Pics/CSMC - Progress Photos 09.09.MOB Side Entrance.png
2025-09-09 15:59	997778	png	Pics/CSMC - Progress Photos 09.09.North West Corner of the Building.png
2025-09-09 15:54	1142439	png	Pics/CSMC - Progress Photos 09.09.png
2025-09-09 15:56	1318542	png	Pics/CSMC - Progress Photos 09.09.South West Side of the Building.png
2025-09-09 15:56	1214335	png	Pics/CSMC - Progress Photos 09.09South Side of the Building.png
2026-01-28 14:32	672731	jpg	Pics/CSMC_Court_Side_Shot.jpg
2026-01-23 14:55	59608	jpg	Pics/CSMC_Inside_Image_01.jpg
2026-01-23 14:55	57511	jpg	Pics/CSMC_Inside_Image_02.jpg
2026-01-23 14:55	58028	jpg	Pics/CSMC_Inside_Image_03.jpg
2026-01-23 14:55	55574	jpg	Pics/CSMC_Inside_Image_04.jpg
2026-01-23 14:55	55947	jpg	Pics/CSMC_Inside_Image_05.jpg
2026-01-23 14:56	61233	jpg	Pics/CSMC_Inside_Image_06.jpg
2026-01-23 14:56	56128	jpg	Pics/CSMC_Inside_Image_07.jpg
2026-01-23 14:56	57634	jpg	Pics/CSMC_Inside_Image_08.jpg
2026-01-23 14:56	48666	jpg	Pics/CSMC_Inside_Image_09.jpg
2026-01-23 14:56	61682	jpg	Pics/CSMC_Inside_Image_10.jpg
2026-01-28 13:52	748791	jpg	Pics/CSMC_Inside_View_Area_1_13_26.jpg
2026-01-28 13:56	550172	jpg	Pics/CSMC_Kitchen.jpg
2025-07-22 12:31	2692708	pdf	Pics/CSMC_OnePageFlyer.pdf
2026-08-05 09:43	2626653	png	Pics/Drone Photos 7.28.26/ChatGPT Image Aug 5, 2026, 09_43_44 AM.png
2026-07-28 12:33	4001958	jpeg	Pics/Drone Photos 7.28.26/dji_fly_20260728_113708_0045_1785252548613_photo.JPEG
2026-07-28 12:33	3968342	jpeg	Pics/Drone Photos 7.28.26/dji_fly_20260728_113812_0049_1785252548230_photo.JPEG
2026-07-28 12:33	4391891	jpeg	Pics/Drone Photos 7.28.26/dji_fly_20260728_113950_0052_1785252547842_photo.JPEG
2026-07-28 12:33	3974526	jpeg	Pics/Drone Photos 7.28.26/dji_fly_20260728_114046_0053_1785252547412_photo.JPEG
2026-07-28 12:33	5026764	jpeg	Pics/Drone Photos 7.28.26/dji_fly_20260728_114148_0054_1785252547633_photo.JPEG
2026-07-28 12:33	4818717	jpeg	Pics/Drone Photos 7.28.26/dji_fly_20260728_114234_0056_1785252547174_photo.JPEG
2026-07-28 12:33	10371072	jpg	Pics/Drone Photos 7.28.26/dji_fly_20260728_121038_0061_1785254000112_photo.jpg
2026-07-28 12:33	4427811	jpeg	Pics/Drone Photos 7.28.26/dji_fly_20260728_121044_0062_1785254000312_photo.JPEG
2026-07-28 12:33	10489856	jpg	Pics/Drone Photos 7.28.26/dji_fly_20260728_121048_0063_1785254000501_photo.jpg
2026-07-28 12:33	10735616	jpg	Pics/Drone Photos 7.28.26/dji_fly_20260728_121106_0064_1785254000687_photo.jpg
2026-07-28 12:33	10158080	jpg	Pics/Drone Photos 7.28.26/dji_fly_20260728_122038_0066_1785254597011_photo.jpg
2026-07-28 12:33	10186752	jpg	Pics/Drone Photos 7.28.26/dji_fly_20260728_122048_0067_1785254596823_photo.jpg
2026-07-28 12:33	10567680	jpg	Pics/Drone Photos 7.28.26/dji_fly_20260728_122054_0068_1785254596606_photo.jpg
2026-07-28 12:33	10113024	jpg	Pics/Drone Photos 7.28.26/dji_fly_20260728_122104_0070_1785254596250_photo.jpg
2026-07-28 12:33	9818112	jpg	Pics/Drone Photos 7.28.26/dji_fly_20260728_122112_0071_1785254596034_photo.jpg
2026-07-28 12:33	10055680	jpg	Pics/Drone Photos 7.28.26/dji_fly_20260728_122118_0072_1785254595862_photo.jpg
2026-07-28 12:33	10792960	jpg	Pics/Drone Photos 7.28.26/dji_fly_20260728_124212_0073_1785255954504_photo.jpg
2026-07-28 12:33	10854400	jpg	Pics/Drone Photos 7.28.26/dji_fly_20260728_124220_0074_1785255954854_photo.jpg
2026-07-28 12:33	10698752	jpg	Pics/Drone Photos 7.28.26/dji_fly_20260728_124232_0075_1785255955089_photo.jpg
2026-07-28 12:33	10854400	jpg	Pics/Drone Photos 7.28.26/dji_fly_20260728_124242_0076_1785255955310_photo.jpg
2026-08-07 12:25	2572641	png	Pics/Drone Photos 7.28.26/Drone_Interior_Light - Cropped.png
2026-07-28 12:38	2751315	png	Pics/Drone Photos 7.28.26/Drone_Interior_Light.png
2026-07-28 12:33	1050867	jpeg	Pics/Drone Photos 7.28.26/IMG_8391.JPEG
2026-07-28 12:33	4309550	jpeg	Pics/Drone Photos 7.28.26/Usable 2.JPEG
2026-07-28 12:47	2891042	png	Pics/Drone Photos 7.28.26/Usable Interior Drone Shot.png
2026-09-17 15:17	160694375	mp4	Pics/Drone Photos and Videos 8.10.26/Carolina Sports Medicine Center Zoom Out - Trim.mp4
2026-08-10 16:58	529431719	mp4	Pics/Drone Photos and Videos 8.10.26/Carolina Sports Medicine Center Zoom Out.MP4
2026-08-10 16:57	102933430	mp4	Pics/Drone Photos and Videos 8.10.26/Rea Farms 2 Front VIdeo.MP4
2026-08-10 16:57	12529664	jpg	Pics/Drone Photos and Videos 8.10.26/Rea Farms Area Photo Overview .JPG
2026-08-10 16:58	267265017	mp4	Pics/Drone Photos and Videos 8.10.26/Rea Farms Area Video Overview.MP4
2026-08-10 16:57	11640832	jpg	Pics/Drone Photos and Videos 8.10.26/Rea Farms Building  2 Front Photo.JPG
2026-08-10 17:00	547927955	mp4	Pics/Drone Photos and Videos 8.10.26/Rea Farms Building 2 Orbit.MP4
2025-06-26 22:54	6065669	pdf	Pics/Drone Progress Photos Update 06.26.25.pdf
2025-12-11 13:04	5201920	jpg	Pics/Edifice Drone 11.14.25/DroneDeploy/Photos-Plan-2_2025-11-14T15-59-00.919000_1.jpg
2025-12-11 13:04	5623808	jpg	Pics/Edifice Drone 11.14.25/DroneDeploy/Photos-Plan-2_2025-11-14T15-59-00.919000_2.jpg
2025-12-11 13:04	5668864	jpg	Pics/Edifice Drone 11.14.25/DroneDeploy/Photos-Plan-2_2025-11-14T15-59-00.919000_3.jpg
2025-12-11 13:04	5918720	jpg	Pics/Edifice Drone 11.14.25/DroneDeploy/Photos-Plan-2_2025-11-14T15-59-00.919000_4.jpg
2025-12-11 13:04	5341184	jpg	Pics/Edifice Drone 11.14.25/DroneDeploy/Photos-Plan-2_2025-11-14T15-59-00.919000_5.jpg
2025-12-11 13:04	5079040	jpg	Pics/Edifice Drone 11.14.25/DroneDeploy/Photos-Plan-2_2025-11-14T15-59-00.919000_6.jpg
2025-12-11 13:04	5844992	jpg	Pics/Edifice Drone 11.14.25/DroneDeploy/Photos-Plan-2_2025-11-14T15-59-00.919000_7.jpg
2025-12-11 13:04	5406720	jpg	Pics/Edifice Drone 11.14.25/DroneDeploy/Photos-Plan-2_2025-11-14T15-59-00.919000_8.jpg
2025-12-11 13:04	5398528	jpg	Pics/Edifice Drone 11.14.25/DroneDeploy/Photos-Plan_2025-11-14T15-52-45.929000_1.jpg
2025-12-11 13:04	5021696	jpg	Pics/Edifice Drone 11.14.25/DroneDeploy/Photos-Plan_2025-11-14T15-52-45.929000_10.jpg
2025-12-11 13:04	5111808	jpg	Pics/Edifice Drone 11.14.25/DroneDeploy/Photos-Plan_2025-11-14T15-52-45.929000_11.jpg
2025-12-11 13:04	5128192	jpg	Pics/Edifice Drone 11.14.25/DroneDeploy/Photos-Plan_2025-11-14T15-52-45.929000_12.jpg
2025-12-11 13:04	4947968	jpg	Pics/Edifice Drone 11.14.25/DroneDeploy/Photos-Plan_2025-11-14T15-52-45.929000_13.jpg
2025-12-11 13:04	4460544	jpg	Pics/Edifice Drone 11.14.25/DroneDeploy/Photos-Plan_2025-11-14T15-52-45.929000_2.jpg
2025-12-11 13:04	5861376	jpg	Pics/Edifice Drone 11.14.25/DroneDeploy/Photos-Plan_2025-11-14T15-52-45.929000_3.jpg
2025-12-11 13:04	6004736	jpg	Pics/Edifice Drone 11.14.25/DroneDeploy/Photos-Plan_2025-11-14T15-52-45.929000_4.jpg
2025-12-11 13:04	4882432	jpg	Pics/Edifice Drone 11.14.25/DroneDeploy/Photos-Plan_2025-11-14T15-52-45.929000_5.jpg
2025-12-11 13:04	5324800	jpg	Pics/Edifice Drone 11.14.25/DroneDeploy/Photos-Plan_2025-11-14T15-52-45.929000_6.jpg
2025-12-11 13:04	5206016	jpg	Pics/Edifice Drone 11.14.25/DroneDeploy/Photos-Plan_2025-11-14T15-52-45.929000_7.jpg
2025-12-11 13:04	5058560	jpg	Pics/Edifice Drone 11.14.25/DroneDeploy/Photos-Plan_2025-11-14T15-52-45.929000_8.jpg
2025-12-11 13:04	5607424	jpg	Pics/Edifice Drone 11.14.25/DroneDeploy/Photos-Plan_2025-11-14T15-52-45.929000_9.jpg
2026-01-28 14:35	2971701	jpg	Pics/Gemini_Court_To_Viewing_Area.jpg
2026-07-28 08:58	10531266	jpg	Pics/Grand Opening/DSC03784.jpg
2026-07-28 08:58	8779400	jpg	Pics/Grand Opening/DSC04269.jpg
2026-07-28 08:58	8482445	jpg	Pics/Grand Opening/DSC04270.jpg
2026-07-28 08:58	6190469	jpg	Pics/Grand Opening/DSC04271.jpg
2026-07-28 08:58	7126838	jpg	Pics/Grand Opening/DSC04272.jpg
2026-07-28 08:58	7184047	jpg	Pics/Grand Opening/DSC04273.jpg
2026-07-28 08:58	9351788	jpg	Pics/Grand Opening/DSC04275.jpg
2026-07-28 08:58	7649675	jpg	Pics/Grand Opening/DSC04276.jpg
2026-07-28 08:58	8232382	jpg	Pics/Grand Opening/DSC04277.jpg
2026-07-28 08:58	7650350	jpg	Pics/Grand Opening/DSC04278.jpg
2026-07-28 08:58	6740543	jpg	Pics/Grand Opening/DSC04286.jpg
2026-07-28 08:58	6166291	jpg	Pics/Grand Opening/DSC04288.jpg
2026-07-28 08:58	10154677	jpg	Pics/Grand Opening/DSC04289.jpg
2026-07-28 08:58	9639507	jpg	Pics/Grand Opening/DSC04290.jpg
2026-07-28 08:58	10418390	jpg	Pics/Grand Opening/DSC04304.jpg
2026-07-28 08:58	11013486	jpg	Pics/Grand Opening/DSC04306.jpg
2026-07-28 08:58	5153766	jpg	Pics/Grand Opening/DSC04314.jpg
2026-07-28 08:58	4711658	jpg	Pics/Grand Opening/DSC04315.jpg
2026-07-28 08:58	6504075	jpg	Pics/Grand Opening/DSC04316.jpg
2026-07-28 08:58	11816642	jpg	Pics/Grand Opening/DSC04355.jpg
2026-07-28 08:58	9101425	jpg	Pics/Grand Opening/DSC04356.jpg
2026-07-28 08:58	12486135	jpg	Pics/Grand Opening/DSC04358.jpg
2026-07-28 08:58	10205817	jpg	Pics/Grand Opening/DSC04359.jpg
2026-07-28 08:58	7535543	jpg	Pics/Grand Opening/DSC04361.jpg
2026-07-28 08:58	8778762	jpg	Pics/Grand Opening/DSC04363.jpg
2026-07-28 08:58	5570217	jpg	Pics/Grand Opening/DSC04365.jpg
2026-07-28 08:58	6062416	jpg	Pics/Grand Opening/DSC04379.jpg
2026-07-28 08:58	6376058	jpg	Pics/Grand Opening/DSC04380.jpg
2026-07-28 08:58	7152422	jpg	Pics/Grand Opening/DSC04382.jpg
2025-07-22 12:01	10562932	png	Pics/High Resolution MOB 2 Balcony.png
2025-07-22 12:02	10207202	png	Pics/High Resolution MOB 2 Front.png
2025-07-22 12:01	9836721	png	Pics/High Resolution MOB 2 Terrace.png
2025-04-21 15:35	1776897	heic	Pics/IMG_20250421_153317 (1).heic
2025-04-21 15:35	2992905	heic	Pics/IMG_20250421_153317 (2).heic
2025-04-21 15:35	2190843	heic	Pics/IMG_20250421_153317 (3).heic
2025-04-21 15:35	2336641	heic	Pics/IMG_20250421_153317 (4).heic
2025-04-21 15:35	2231335	heic	Pics/IMG_20250421_153317 (5).heic
2025-04-21 15:35	3383256	heic	Pics/IMG_20250421_153317.heic
2025-10-29 15:44	2220479	heic	Pics/IMG_20251029_154322 (1).heic
2025-10-29 15:51	3027342	jpg	Pics/IMG_20251029_154322 (1).jpg
2025-10-29 15:44	2274916	heic	Pics/IMG_20251029_154322.heic
2025-10-29 15:51	3244140	jpg	Pics/IMG_20251029_154322.jpg
2026-09-14 14:14	2121533	png	Pics/Main Entrance signage v1.png
2026-09-14 14:23	2293188	png	Pics/Main Entrance signage v2.png
2026-09-17 13:55	3772210	pdf	Pics/Main_Entrance_Traffic_Flow/Document1.pdf
2026-09-15 15:13	2802562	jpeg	Pics/Main_Entrance_Traffic_Flow/IMG_6779.jpeg
2026-09-15 15:13	2752431	jpeg	Pics/Main_Entrance_Traffic_Flow/IMG_6780.jpeg
2026-09-15 15:13	2511853	jpeg	Pics/Main_Entrance_Traffic_Flow/IMG_6781.jpeg
2026-09-15 15:13	2422899	jpeg	Pics/Main_Entrance_Traffic_Flow/IMG_6782.jpeg
2026-09-15 15:13	2569524	jpeg	Pics/Main_Entrance_Traffic_Flow/IMG_6783.jpeg
2026-09-15 15:13	2620116	jpeg	Pics/Main_Entrance_Traffic_Flow/IMG_6784.jpeg
2026-09-15 15:13	3112308	jpeg	Pics/Main_Entrance_Traffic_Flow/IMG_6785.jpeg
2026-09-15 15:13	3154493	jpeg	Pics/Main_Entrance_Traffic_Flow/IMG_6786.jpeg
2026-01-19 16:45	3075372	jpg	Pics/Outside Buidling Slay Logo Clear Sky.jpg
2026-01-19 16:48	3132513	jpg	Pics/Outside Building Slay Logo Green Median.jpg
2026-06-22 10:40	651138	pdf	Pics/Rea Farm Parking Plan.pdf
2024-08-12 17:27	1325005	pdf	Pics/ReaFarms_Renderings.pdf
2026-06-22 10:59	217168	pdf	Pics/red_farms_colored_plan.pdf
2026-01-19 16:36	4300553	jpeg	Pics/Slay Basketball Front Signage 02.jpeg
2026-01-19 16:35	1798260	jpeg	Pics/Slay Basketball Front Signage.jpeg
2026-01-20 15:37	679593	jpg	Pics/Slay_Exterior_Sign_Rea_Farms_v2.jpg
2025-02-07 16:12	7634408	jpg	Pics/Update 2-7-25/DJI_0113.JPG
2025-02-07 16:12	8912132	jpg	Pics/Update 2-7-25/DJI_0116 (1).JPG
2025-02-07 16:11	8912132	jpg	Pics/Update 2-7-25/DJI_0116.JPG
2025-02-07 16:11	9148821	jpg	Pics/Update 2-7-25/DJI_0118.JPG
2025-02-07 16:11	9164906	jpg	Pics/Update 2-7-25/DJI_0120.JPG
2025-02-07 16:11	9373599	jpg	Pics/Update 2-7-25/DJI_0122.JPG
2025-02-07 16:11	8782333	jpg	Pics/Update 2-7-25/DJI_0123.JPG
2025-02-07 16:13	262422	jpg	Pics/Update 2-7-25/RFSMC - Drone Photos 25.02.jpg
2024-11-08 17:05	3787502	heic	Pics/Update Picture 11-8-24.heic
2024-09-30 16:41	238380	jpg	Pics/Update Picture 1_9-26-24.jpg
2024-09-30 16:41	263258	jpg	Pics/Update Picture 2_9-26-24.jpg
2025-10-29 15:44	1985509	mp4	Pics/VID_20251029_154322.mp4
2026-07-17 14:03	132053	pdf	Piedmont Natural Gas/Piedmont Natural Gas- Bill 1-21-26.pdf
2026-07-17 14:02	131555	pdf	Piedmont Natural Gas/Piedmont Natural Gas- Bill 10-20-25.pdf
2026-07-17 14:02	131748	pdf	Piedmont Natural Gas/Piedmont Natural Gas- Bill 11-20-25.pdf
2026-07-17 14:03	131865	pdf	Piedmont Natural Gas/Piedmont Natural Gas- Bill 12-19-25.pdf
2026-07-17 14:03	131716	pdf	Piedmont Natural Gas/Piedmont Natural Gas- Bill 2-19-26.pdf
2026-07-17 14:04	131939	pdf	Piedmont Natural Gas/Piedmont Natural Gas- Bill 3-19-26.pdf
2026-07-17 14:04	131829	pdf	Piedmont Natural Gas/Piedmont Natural Gas- Bill 4-21-26.pdf
2026-07-17 14:05	131902	pdf	Piedmont Natural Gas/Piedmont Natural Gas- Bill 5-20-26.pdf
2026-07-17 14:05	131866	pdf	Piedmont Natural Gas/Piedmont Natural Gas- Bill 6-18-26.pdf
2026-07-17 14:06	131975	pdf	Piedmont Natural Gas/Piedmont Natural Gas- Bill 7-21-26.pdf
2025-08-25 13:53	5448356	pdf	PLANS/CNSA Upfit/00 0000 ARCHITECTURAL SPECIFICATIONS.pdf
2025-08-25 13:53	21099693	pdf	PLANS/CNSA Upfit/01 ARCHITECTURAL.pdf
2025-08-25 13:53	8060186	pdf	PLANS/CNSA Upfit/02 INTERIORS.pdf
2025-08-25 13:53	3837325	pdf	PLANS/CNSA Upfit/03 PLUMBING.pdf
2025-08-25 13:53	10169828	pdf	PLANS/CNSA Upfit/04 MECHANICAL.pdf
2025-08-25 13:53	8934471	pdf	PLANS/CNSA Upfit/05 ELECTRICAL.pdf
2025-08-25 13:53	2491180	pdf	PLANS/CNSA Upfit/06 FIRE PROTECTION.pdf
2026-01-12 16:16	19453991	pdf	PLANS/CNSA Upfit/CDs/01 ARCHITECTURAL.pdf
2026-01-12 16:16	7312745	pdf	PLANS/CNSA Upfit/CDs/02 INTERIORS.pdf
2026-01-12 16:16	3072481	pdf	PLANS/CNSA Upfit/CDs/03 PLUMBING.pdf
2026-01-12 16:16	9094173	pdf	PLANS/CNSA Upfit/CDs/04 MECHANICAL.pdf
2026-01-12 16:16	8348078	pdf	PLANS/CNSA Upfit/CDs/05 ELECTRICAL.pdf
2026-01-12 16:16	2132969	pdf	PLANS/CNSA Upfit/CDs/06 FIRE PROTECTION.pdf
2026-01-12 16:16	4710109	pdf	PLANS/CNSA Upfit/CDs/Security/JAZZID_15004 Rea Farms CSNA Site_Security Plan.pdf
2026-02-23 09:38	29034657	pdf	PLANS/CNSA Upfit/Revisions/01 ARCHITECTURAL.pdf
2026-02-23 09:38	6954703	pdf	PLANS/CNSA Upfit/Revisions/02 INTERIORS.pdf
2026-02-23 09:38	3703063	pdf	PLANS/CNSA Upfit/Revisions/03 PLUMBING.pdf
2026-02-23 09:38	11790337	pdf	PLANS/CNSA Upfit/Revisions/04 MECHANICAL.pdf
2026-02-23 09:38	12578659	pdf	PLANS/CNSA Upfit/Revisions/05 ELECTRICAL.pdf
2026-02-23 09:38	2132969	pdf	PLANS/CNSA Upfit/Revisions/06 FIRE PROTECTION.pdf
2026-03-23 09:44	1252255	pdf	PLANS/CNSA Upfit/Revisions/Rev10 - Equipment Updates/A102A - FLOOR PLAN LEVEL 2 -AREA A.pdf
2026-03-23 09:44	835381	pdf	PLANS/CNSA Upfit/Revisions/Rev10 - Equipment Updates/A112A DIMENSIONED PLANS - LEVEL 2 - AREA A.pdf
2026-03-23 09:44	1310773	pdf	PLANS/CNSA Upfit/Revisions/Rev10 - Equipment Updates/E202A POWER PLAN - LEVEL2-AREA A.pdf
2026-03-23 09:44	362248	pdf	PLANS/CNSA Upfit/Revisions/Rev10 - Equipment Updates/E701 ELECTRICAL DIAGRAMS.pdf
2026-03-23 09:44	283466	pdf	PLANS/CNSA Upfit/Revisions/Rev10 - Equipment Updates/E702 PANEL SCHEDULES.pdf
2025-09-11 14:52	1217013	pdf	PLANS/Sec 101/Proposal 254225.2 RFSM Security Project - Brivo_Eagle Eye (1)_Final_signed.pdf
2025-09-11 14:52	1355573	pdf	PLANS/Sec 101/RFSM Security Layout Camera Clearance.pdf
2025-09-03 11:08	1271252	pdf	PLANS/UVD Cabling/EC Request System Plans E3.01-3.02 UVD Mark Up.pdf
2025-09-11 14:46	3722667	pdf	PLANS/XL Media/21053 - AV Drawings 8-28-25.pdf
2024-10-07 12:20	99938	pdf	Plat Application Fee/FW_ City of Charlotte, NC Payment Confirmation.pdf
2024-10-07 12:20	215771	pdf	Plat Application Fee/FW_ Fees Due for LDPLAT-2024-00812.pdf
2024-04-24 14:19	366794	pdf	PLAYBOOK REA FARMS PROPOSAL 09.23.2023.pdf
2025-11-17 15:47	85355	xlsx	Project Budgets/CSMC MOB 1 - Remaining Expenditures 11.17.25.xlsx
2026-02-25 17:04	156691	xlsx	Project Budgets/CSMC MOB 1 MASTER BUDGET UPDATE 01.26.26.xlsx
2026-05-18 16:10	158862	xlsx	Project Budgets/CSMC MOB 1 MASTER BUDGET UPDATE 03.11.26.xlsx
2026-05-20 18:21	158537	xlsx	Project Budgets/CSMC MOB 1 MASTER BUDGET UPDATE 05.18.26.xlsx
2026-07-14 14:49	159663	xlsx	Project Budgets/CSMC MOB 1 MASTER BUDGET UPDATE 05.28.26.xlsx
2026-07-14 14:51	159595	xlsx	Project Budgets/CSMC MOB 1 MASTER BUDGET UPDATE 07.14.26.xlsx
2025-09-04 11:26	127401	xlsx	Project Budgets/CSMC MOB 1 MASTER BUDGET UPDATE 08.04.25.xlsx
2025-09-10 10:25	127578	xlsx	Project Budgets/CSMC MOB 1 MASTER BUDGET UPDATE 09.04.25.xlsx
2025-10-06 15:36	145790	xlsx	Project Budgets/CSMC MOB 1 MASTER BUDGET UPDATE 09.17.25.xlsx
2025-10-15 11:52	146191	xlsx	Project Budgets/CSMC MOB 1 MASTER BUDGET UPDATE 10.06.25.xlsx
2025-11-10 15:07	153972	xlsx	Project Budgets/CSMC MOB 1 MASTER BUDGET UPDATE 10.23.25.xlsx
2025-12-16 10:13	157092	xlsx	Project Budgets/CSMC MOB 1 MASTER BUDGET UPDATE 11.17.25.xlsx
2026-01-26 21:30	156694	xlsx	Project Budgets/CSMC MOB 1 MASTER BUDGET UPDATE 12.25.xlsx
2026-04-02 12:38	7161014	pdf	Property Taxes/Rea Park Lane 1031, LLC- Noice of Value_2026.pdf
2026-09-01 16:30	1149355	pdf	Property Taxes/Rea Park Lane 1031, LLC- Property Tax_2026.pdf
2025-10-10 13:31	10324124	pdf	PSA/Rea_Farms_PSA_-_Executed.pdf
2025-01-07 11:22	40160928	pdf	Rea Farms Real Estate Appraisal 1.7.25.pdf
2024-05-23 13:01	2072349	pdf	Rea Farms sports Medicine Center- City of Charlotte Soil Erosion and Sedimentation Control Ordinance_signed5-23-24.pdf
2025-12-11 12:40	533528	jpg	RF Pictures/CNSA Presentation Hero Photo.jpg
2025-12-10 16:53	475015	jpg	RF Pictures/CSMC Best Rendered Version 12.10.2025.jpg
2025-12-09 16:08	819690	jpg	RF Pictures/Gemini_Generated_Image_4vdjgc4vdjgc4vdj.jpg
2025-12-09 16:15	873711	jpg	RF Pictures/Gemini_Generated_Image_chq7hqchq7hqchq7.jpg
2025-12-11 12:38	534843	jpg	RF Pictures/Gemini_Generated_Image_nibc6inibc6inibc.jpg
2025-12-11 11:53	835981	jpg	RF Pictures/Gemini_Generated_Image_qeg9e9qeg9e9qeg9.jpg
2024-12-06 09:20	1472562	jpg	RF Pictures/IMG_7965.jpg
2024-12-06 09:20	1533607	jpg	RF Pictures/IMG_7966.jpg
2024-12-06 09:20	3045900	jpg	RF Pictures/IMG_7967.jpg
2024-12-06 09:20	3378446	jpg	RF Pictures/IMG_7968.jpg
2024-03-26 08:48	33919846	pdf	RF Pictures/Rea Farms Sports Med - Generic Medical.pdf
2024-03-26 08:43	4324593	pdf	RF Pictures/Rea Farms Sports Medicine Center_LeaseFlyer_R.pdf
2024-08-12 16:04	1325005	pdf	RF Pictures/ReaFarms_Renderings.pdf
2025-12-08 17:19	618741	jpg	RF Pictures/RF 1 (CSMC) Executive One-Pager Option #1.jpg
2025-12-08 17:18	749790	jpg	RF Pictures/RF 1 (CSMC) Executive One-Pager Option #2.jpg
2025-12-08 17:28	780058	jpg	RF Pictures/RF 1 (CSMC) Executive One-Pager Option #3.jpg
2025-01-08 20:53	5683142	jpg	RF Pictures/Sports Medicine Groundbreaking -107.jpg
2025-01-08 20:54	7247862	jpg	RF Pictures/Sports Medicine Groundbreaking -157.jpg
2025-01-08 20:52	4414506	jpg	RF Pictures/Sports Medicine Groundbreaking -63.jpg
2025-10-06 14:11	1126832	pdf	Schedule/August Update 11x17.pdf
2025-10-06 14:11	229030	pdf	Schedule/August Update Four Week Look Ahead 11x17.pdf
2025-08-22 09:31	1112706	pdf	Schedule/July Update 11x17.pdf
2025-10-06 14:11	67644	pdf	Schedule/RFSMC - August Schedule Narrative.pdf
2025-10-09 15:01	1140102	pdf	Schedule/September Update 11x17.pdf
2026-05-21 13:24	210367	pdf	Spectrum/11415 GOLF LINKS DR-28277-ROE - Right of Entry - 05_14_2026.docx.pdf
2025-10-29 09:22	247735	pdf	Spectrum/Agreement/4c857b6c-d469-4a80-bccd-d7131ad92cf1.pdf
2026-05-21 13:24	277297	pdf	Spectrum/Summary.pdf
2025-02-07 15:57	690585	pdf	Subsurface Exploration and Geotechnical Engineering Evaluation/2023-07-13 Rea Farms Sports_Sketch Plan.pdf
2024-04-24 14:20	72172	pdf	Subsurface Exploration and Geotechnical Engineering Evaluation/232108.20 Rea Farms Sports Facility GEO July 2023 Invoice.pdf
2025-02-07 15:57	3770734	pdf	Subsurface Exploration and Geotechnical Engineering Evaluation/232108.20 Rea Farms Sports Facility Geo Report 8-21-2023.pdf
2025-02-07 15:57	17926558	pdf	Subsurface Exploration and Geotechnical Engineering Evaluation/232108.30 Rea Farms Phase I 8-11-2023.pdf
2025-02-07 15:55	71374	pdf	Subsurface Exploration and Geotechnical Engineering Evaluation/232108.30 Rea Farms Sports Facility Ph I ESA July 2023 Invoice.pdf
2025-02-07 15:57	2796718	pdf	Subsurface Exploration and Geotechnical Engineering Evaluation/3155 8-15-23 Alta Survey.pdf
2025-02-07 15:57	165898	pdf	Subsurface Exploration and Geotechnical Engineering Evaluation/SKETCH-2023-00089.pdf
2025-02-07 15:57	1258500	pdf	Subsurface Exploration and Geotechnical Engineering Evaluation/Subdivision Plat 3017 8-4-23 (00479638-2xDAAF3).PDF
2024-04-24 14:20	1218974	pdf	Survey/3513 1-11-2024 - Survey.pdf
2024-04-24 14:20	218050	pdf	Survey/3513 Invoice.pdf
2026-01-16 09:16	16510134	pdf	Survey/Appraisal Report-cbres_Taylor(CB-112891)-V3_merged (1) - Reduced.pdf
2025-02-04 13:45	39366592	pdf	Survey/Appraisal Report-cbres_Taylor(CB-112891)-V3_merged (1).pdf
2024-10-18 09:17	799128	pdf	Survey/Rea_Farms_Sports_Med_M___1409666.pdf
2024-10-28 10:26	456267	pdf	Survey/Rea_Farms_Sports_Med_M___1410572.pdf
2026-05-27 12:08	673812	jpg	Tenant Logo Files/Architech/Architech Logos/ArchitechBlack.jpg
2026-05-27 12:08	42071	svg	Tenant Logo Files/Architech/Architech Logos/ArchitechBlack.svg
2026-05-27 12:08	750912	jpg	Tenant Logo Files/Architech/Architech Logos/ArchitechFullColor.jpg
2026-05-27 12:08	1158993	svg	Tenant Logo Files/Architech/Architech Logos/ArchitechFullColor.svg
2026-05-27 12:08	215269	png	Tenant Logo Files/Architech/Architech Logos/ASPTLogo_Black.png
2026-05-27 12:08	562196	png	Tenant Logo Files/Architech/Architech Logos/ASPTLogo_FullColor.png
2026-05-27 12:08	200129	png	Tenant Logo Files/Architech/Architech Logos/ASPTLogo_White.png
2026-05-27 12:08	248833	pdf	Tenant Logo Files/Architech/Architech Logos/SlayBBall.pdf
2026-02-24 16:06	1119722	eps	Tenant Logo Files/Atrium Health/Atrium-logo-horiz-black.eps
2026-02-24 16:06	1121870	eps	Tenant Logo Files/Atrium Health/Atrium-logo-horiz-teal-CMYK.eps
2026-02-24 16:06	70440	png	Tenant Logo Files/Atrium Health/Atrium-logo-horiz-teal-CMYK.png
2026-02-24 16:06	1111266	eps	Tenant Logo Files/Atrium Health/Atrium-logo-horiz-white.eps
2026-09-14 14:09	96110	png	Tenant Logo Files/Atrium Health/b6dccee5-0a61-4f79-a808-aac016e56a2b_pixian_ai.png
2026-02-24 16:06	1329170	eps	Tenant Logo Files/CNSA/2-color/Carolina NeuroSurgery Spine Assoc-Logo-Color.eps
2026-02-24 16:06	277689	jpg	Tenant Logo Files/CNSA/2-color/Carolina NeuroSurgery Spine Assoc-Logo-Color.jpg
2026-02-24 16:06	347868	pdf	Tenant Logo Files/CNSA/2-color/Carolina NeuroSurgery Spine Assoc-Logo-Color.pdf
2026-02-24 16:06	65615	png	Tenant Logo Files/CNSA/2-color/Carolina NeuroSurgery Spine Assoc-Logo-Color.png
2026-02-24 16:06	1329898	eps	Tenant Logo Files/CNSA/Black/Carolina NeuroSurgery Spine Assoc-Logo-Black.eps
2026-02-24 16:06	192337	jpg	Tenant Logo Files/CNSA/Black/Carolina NeuroSurgery Spine Assoc-Logo-Black.jpg
2026-02-24 16:06	348350	pdf	Tenant Logo Files/CNSA/Black/Carolina NeuroSurgery Spine Assoc-Logo-Black.pdf
2026-02-24 16:06	84825	png	Tenant Logo Files/CNSA/Black/Carolina NeuroSurgery Spine Assoc-Logo-Black.png
2026-02-24 16:06	97108	pdf	Tenant Logo Files/CNSA/CNSA Branding-Logo and Colors.pdf
2026-02-24 16:06	1315578	eps	Tenant Logo Files/CNSA/White/Carolina NeuroSurgery Spine Assoc-Logo-White.eps
2026-02-24 16:06	339647	pdf	Tenant Logo Files/CNSA/White/Carolina NeuroSurgery Spine Assoc-Logo-White.pdf
2026-02-24 16:06	84816	png	Tenant Logo Files/CNSA/White/Carolina NeuroSurgery Spine Assoc-Logo-White.png
2026-02-24 16:06	86558	ai	Tenant Logo Files/CSMC/Carolina Sports Medicine Center logo ..ai
2026-02-24 16:06	649522	eps	Tenant Logo Files/CSMC/Carolina Sports Medicine Center logo ..eps
2026-02-24 16:06	25865	pdf	Tenant Logo Files/CSMC/Carolina Sports Medicine Center logo ..pdf
2026-02-24 16:06	2322874	eps	Tenant Logo Files/CSMC/Carolina Sports Medicine Center logo background black..eps
2026-02-24 16:06	392565	jpg	Tenant Logo Files/CSMC/Carolina Sports Medicine Center logo background black..jpg
2026-02-24 16:06	85918	ai	Tenant Logo Files/CSMC/Carolina Sports Medicine Center logo background black.ai
2026-02-24 16:06	2322906	eps	Tenant Logo Files/CSMC/Carolina Sports Medicine Center logo background black.eps
2026-02-24 16:06	25907	pdf	Tenant Logo Files/CSMC/Carolina Sports Medicine Center logo background black.pdf
2026-02-24 16:06	150119	png	Tenant Logo Files/CSMC/Carolina Sports Medicine Center logo background black.png
2026-02-24 16:06	2963638	psd	Tenant Logo Files/CSMC/Carolina Sports Medicine Center logo background black.psd
2026-02-24 16:06	2341886	eps	Tenant Logo Files/CSMC/Carolina Sports Medicine Center logo background blue..eps
2026-02-24 16:06	165945	png	Tenant Logo Files/CSMC/Carolina Sports Medicine Center logo background blue..png
2026-02-24 16:06	2964565	psd	Tenant Logo Files/CSMC/Carolina Sports Medicine Center logo background blue..psd
2026-02-24 16:06	103832	ai	Tenant Logo Files/CSMC/Carolina Sports Medicine Center logo background blue.ai
2026-02-24 16:06	2341890	eps	Tenant Logo Files/CSMC/Carolina Sports Medicine Center logo background blue.eps
2026-02-24 16:06	470231	jpg	Tenant Logo Files/CSMC/Carolina Sports Medicine Center logo background blue.jpg
2026-02-24 16:06	25855	pdf	Tenant Logo Files/CSMC/Carolina Sports Medicine Center logo background blue.pdf
2026-02-24 16:06	624266	eps	Tenant Logo Files/CSMC/Carolina Sports Medicine Center logo black..eps
2026-02-24 16:06	78303	png	Tenant Logo Files/CSMC/Carolina Sports Medicine Center logo black..png
2026-02-24 16:06	912284	psd	Tenant Logo Files/CSMC/Carolina Sports Medicine Center logo black..psd
2026-02-24 16:06	93618	ai	Tenant Logo Files/CSMC/Carolina Sports Medicine Center logo black.ai
2026-02-24 16:06	624298	eps	Tenant Logo Files/CSMC/Carolina Sports Medicine Center logo black.eps
2026-02-24 16:06	209624	jpg	Tenant Logo Files/CSMC/Carolina Sports Medicine Center logo black.jpg
2026-02-24 16:06	25836	pdf	Tenant Logo Files/CSMC/Carolina Sports Medicine Center logo black.pdf
2026-02-24 16:06	618202	eps	Tenant Logo Files/CSMC/Carolina Sports Medicine Center logo gray..eps
2026-02-24 16:06	78346	png	Tenant Logo Files/CSMC/Carolina Sports Medicine Center logo gray..png
2026-02-24 16:06	907679	psd	Tenant Logo Files/CSMC/Carolina Sports Medicine Center logo gray..psd
2026-02-24 16:06	88314	ai	Tenant Logo Files/CSMC/Carolina Sports Medicine Center logo gray.ai
2026-02-24 16:06	618210	eps	Tenant Logo Files/CSMC/Carolina Sports Medicine Center logo gray.eps
2026-02-24 16:06	149689	jpg	Tenant Logo Files/CSMC/Carolina Sports Medicine Center logo gray.jpg
2026-02-24 16:06	25836	pdf	Tenant Logo Files/CSMC/Carolina Sports Medicine Center logo gray.pdf
2026-02-24 16:06	605814	eps	Tenant Logo Files/CSMC/Carolina Sports Medicine Center logo white..eps
2026-02-24 16:06	38234	jpg	Tenant Logo Files/CSMC/Carolina Sports Medicine Center logo white..jpg
2026-02-24 16:06	526247	psd	Tenant Logo Files/CSMC/Carolina Sports Medicine Center logo white..psd
2026-02-24 16:06	77264	ai	Tenant Logo Files/CSMC/Carolina Sports Medicine Center logo white.ai
2026-02-24 16:06	605822	eps	Tenant Logo Files/CSMC/Carolina Sports Medicine Center logo white.eps
2026-02-24 16:06	25836	pdf	Tenant Logo Files/CSMC/Carolina Sports Medicine Center logo white.pdf
2026-02-24 16:06	72215	png	Tenant Logo Files/CSMC/Carolina Sports Medicine Center logo white.png
2026-02-24 16:06	2323698	eps	Tenant Logo Files/CSMC/Carolina Sports Medicine Center logo...eps
2026-02-24 16:06	432755	jpg	Tenant Logo Files/CSMC/Carolina Sports Medicine Center logo...jpg
2026-02-24 16:06	2962404	psd	Tenant Logo Files/CSMC/Carolina Sports Medicine Center logo...psd
2026-02-24 16:06	622846	eps	Tenant Logo Files/CSMC/Carolina Sports Medicine Center logo..eps
2026-02-24 16:06	79042	png	Tenant Logo Files/CSMC/Carolina Sports Medicine Center logo..png
2026-02-24 16:06	908591	psd	Tenant Logo Files/CSMC/Carolina Sports Medicine Center logo..psd
2026-02-24 16:06	92155	ai	Tenant Logo Files/CSMC/Carolina Sports Medicine Center logo.ai
2026-02-24 16:06	622846	eps	Tenant Logo Files/CSMC/Carolina Sports Medicine Center logo.eps
2026-02-24 16:06	223417	jpg	Tenant Logo Files/CSMC/Carolina Sports Medicine Center logo.jpg
2026-02-24 16:06	25853	pdf	Tenant Logo Files/CSMC/Carolina Sports Medicine Center logo.pdf
2026-02-24 16:06	161478	png	Tenant Logo Files/CSMC/Carolina Sports Medicine Center logo.png
2026-02-24 16:06	1318934	eps	Tenant Logo Files/Edifice Construction/Edifice Construction Horizontal.eps
2026-02-24 16:06	1327578	eps	Tenant Logo Files/Edifice Construction/Edifice Construction Horizontal_All White.eps
2026-02-24 16:06	1925830	eps	Tenant Logo Files/Edifice Construction/Edifice Construction Vertical.eps
2026-02-24 16:06	1906854	eps	Tenant Logo Files/Edifice Construction/Edifice Construction Vertical_White.eps
2026-02-24 16:06	48407	pdf	Tenant Logo Files/Slay Basketball/Large (Black) Basketball -SLAY Academy- Horizontal.pdf
2026-02-24 16:06	48582	pdf	Tenant Logo Files/Slay Basketball/Large (Red) Basketball -SLAY Academy- Horizontal.pdf
2026-02-24 16:06	51992	pdf	Tenant Logo Files/Slay Basketball/Large (Red_ 4 colors) Basketball -SLAY Academy- Horizontal.pdf
2026-02-24 16:06	54880	pdf	Tenant Logo Files/Slay Basketball/Large (Red_ 4 colors) Basketball -SLAY Basketball Academy- Vertical Stacked.pdf
2026-02-24 16:06	51272	pdf	Tenant Logo Files/Slay Basketball/Large (Red_White_Grey) Basketball -SLAY Academy- Horizontal.pdf
2026-02-24 16:06	63077	pdf	Tenant Logo Files/Slay Basketball/Large (White) Basketball -SLAY Academy- Horizontal.pdf
2026-02-24 16:06	57233	png	Tenant Logo Files/Slay Basketball/Slay_Logo.png
2026-02-24 16:06	45983	pdf	Tenant Logo Files/Slay Basketball/Small (Black) -SLAY Academy Basketball- Stacked.pdf
2026-02-24 16:06	2792503	pdf	Tenant Logo Files/Slay Basketball/Team Slay 2025 UA Academy Magento Logo - 1763500059 (2) 3.pdf
2026-02-24 16:06	1765	pdf	Tenant Logo Files/Taylor Capital/Taylor Capital Brand Palette.pdf
2026-02-24 16:06	1109274	ai	Tenant Logo Files/Taylor Capital/taylor_logo_1.ai
2026-02-24 16:06	3190034	eps	Tenant Logo Files/Taylor Capital/taylor_logo_1.eps
2026-02-24 16:06	154730	jpg	Tenant Logo Files/Taylor Capital/taylor_logo_1.jpg
2026-02-24 16:06	80373	pdf	Tenant Logo Files/Taylor Capital/taylor_logo_1.pdf
2026-02-24 16:06	27223	png	Tenant Logo Files/Taylor Capital/taylor_logo_1.png
2026-02-24 16:06	2599914	eps	Tenant Logo Files/Taylor Capital/taylor_logo_1_rgb.eps
2026-02-24 16:06	2874642	eps	Tenant Logo Files/Taylor Capital/taylor_logo_2 black NB-01.eps
2026-02-24 16:06	2868746	eps	Tenant Logo Files/Taylor Capital/taylor_logo_2 white NB-01.eps
2026-02-24 16:06	6112478	eps	Tenant Logo Files/Taylor Capital/taylor_logo_2 white NB.eps
2026-02-24 16:06	950070	ai	Tenant Logo Files/Taylor Capital/taylor_logo_2.ai
2026-02-24 16:06	3368118	eps	Tenant Logo Files/Taylor Capital/taylor_logo_2.eps
2026-02-24 16:06	146329	jpg	Tenant Logo Files/Taylor Capital/taylor_logo_2.jpg
2026-02-24 16:06	97802	pdf	Tenant Logo Files/Taylor Capital/taylor_logo_2.pdf
2026-02-24 16:06	27611	png	Tenant Logo Files/Taylor Capital/taylor_logo_2.png
2026-02-24 16:06	25295	png	Tenant Logo Files/Taylor Capital/taylor_logo_2_1.png
2026-02-24 16:06	104347	ai	Tenant Logo Files/Taylor Capital/taylor_logo_2_rgb.ai
2026-02-24 16:06	927041	ai	Tenant Logo Files/Taylor Capital/taylor_logo_3.ai
2026-02-24 16:06	2486694	eps	Tenant Logo Files/Taylor Capital/taylor_logo_3.eps
2026-02-24 16:06	150144	jpg	Tenant Logo Files/Taylor Capital/taylor_logo_3.jpg
2026-02-24 16:06	74643	pdf	Tenant Logo Files/Taylor Capital/taylor_logo_3.pdf
2026-02-24 16:06	27104	png	Tenant Logo Files/Taylor Capital/taylor_logo_3.png
2026-02-24 16:06	1896722	eps	Tenant Logo Files/Taylor Capital/taylor_logo_3_rgb.eps
2026-02-24 16:06	150156	jpg	Tenant Logo Files/Taylor Capital/taylor_logo_4 - Copy.jpg
2026-02-24 16:06	933219	ai	Tenant Logo Files/Taylor Capital/taylor_logo_4.ai
2026-02-24 16:06	2707062	eps	Tenant Logo Files/Taylor Capital/taylor_logo_4.eps
2026-02-24 16:06	150156	jpg	Tenant Logo Files/Taylor Capital/taylor_logo_4.jpg
2026-02-24 16:06	80885	pdf	Tenant Logo Files/Taylor Capital/taylor_logo_4.pdf
2026-02-24 16:06	29344	png	Tenant Logo Files/Taylor Capital/taylor_logo_4.png
2026-02-24 16:06	26735	png	Tenant Logo Files/Taylor Capital/taylor_logo_4_1.png
2026-02-24 16:06	2117334	eps	Tenant Logo Files/Taylor Capital/taylor_logo_4_rgb.eps
2026-02-24 16:06	1065191	pdf	Tenant Logo Files/TM Advisors, LLC/Brand Guide TM Advisors cnvrt..pdf
2026-02-24 16:06	346969	eps	Tenant Logo Files/TM Advisors, LLC/TM ADVISORS Black CMYK.eps
2026-02-24 16:06	346968	eps	Tenant Logo Files/TM Advisors, LLC/TM ADVISORS Black Rbg.eps
2026-02-24 16:06	52813	pdf	Tenant Logo Files/TM Advisors, LLC/TM ADVISORS Black.pdf
2026-02-24 16:06	65214	png	Tenant Logo Files/TM Advisors, LLC/TM ADVISORS Black.png
2026-02-24 16:06	176018	psd	Tenant Logo Files/TM Advisors, LLC/TM ADVISORS Black.psd
2026-02-24 16:06	346963	eps	Tenant Logo Files/TM Advisors, LLC/TM ADVISORS cmyk.eps
2026-02-24 16:06	346962	eps	Tenant Logo Files/TM Advisors, LLC/TM ADVISORS RGB.eps
2026-02-24 16:06	346943	eps	Tenant Logo Files/TM Advisors, LLC/TM ADVISORS White Cmyk.eps
2026-02-24 16:06	346942	eps	Tenant Logo Files/TM Advisors, LLC/TM ADVISORS White RGB.eps
2026-02-24 16:06	20992	pdf	Tenant Logo Files/TM Advisors, LLC/TM ADVISORS White.pdf
2026-02-24 16:06	43352	png	Tenant Logo Files/TM Advisors, LLC/TM ADVISORS White.png
2026-02-24 16:06	57788	psd	Tenant Logo Files/TM Advisors, LLC/TM ADVISORS White.psd
2026-02-24 16:06	61645	jpg	Tenant Logo Files/TM Advisors, LLC/TM ADVISORS..jpg
2026-02-24 16:06	53014	pdf	Tenant Logo Files/TM Advisors, LLC/TM ADVISORS..pdf
2026-02-24 16:06	67806	png	Tenant Logo Files/TM Advisors, LLC/TM ADVISORS..png
2026-02-24 16:06	175958	psd	Tenant Logo Files/TM Advisors, LLC/TM ADVISORS..psd
2026-02-24 16:06	8573	ai	Tenant Logo Files/TM Advisors, LLC/TM-ADVISORS-Black.ai
2026-02-24 16:06	379	ai	Tenant Logo Files/TM Advisors, LLC/TM-ADVISORS-White.ai
2026-02-24 16:06	7568	ai	Tenant Logo Files/TM Advisors, LLC/TM-ADVISORS..ai
2024-09-24 10:08	504487	pdf	V3 Southeast PC/Rea Farms -V3 Additional Service Agreement_9-24-24signed.pdf
2024-04-24 14:20	739602	pdf	V3 Southeast PC/V3 Southeast, PC- Invoice 124226.pdf
